solid OpenSCAD_Model
  facet normal 1 0 0
    outer loop
      vertex 77.8 3 36
      vertex 77.8 0 36
      vertex 77.8 3 34.01
    endloop
  endfacet
  facet normal 1 0 0
    outer loop
      vertex 77.8 107.8 34.01
      vertex 77.8 71.9 19
      vertex 77.8 107.8 0
    endloop
  endfacet
  facet normal 1 0 0
    outer loop
      vertex 77.8 107.8 34.01
      vertex 77.8 71.8318 19.5176
      vertex 77.8 71.9 19
    endloop
  endfacet
  facet normal 1 0 0
    outer loop
      vertex 77.8 107.8 34.01
      vertex 77.8 71.632 20
      vertex 77.8 71.8318 19.5176
    endloop
  endfacet
  facet normal 1 0 0
    outer loop
      vertex 77.8 107.8 34.01
      vertex 77.8 71.3142 20.4142
      vertex 77.8 71.632 20
    endloop
  endfacet
  facet normal 1 0 0
    outer loop
      vertex 77.8 107.8 34.01
      vertex 77.8 70.9 20.732
      vertex 77.8 71.3142 20.4142
    endloop
  endfacet
  facet normal 1 0 0
    outer loop
      vertex 77.8 107.8 34.01
      vertex 77.8 70.4176 20.9319
      vertex 77.8 70.9 20.732
    endloop
  endfacet
  facet normal 1 0 0
    outer loop
      vertex 77.8 107.8 34.01
      vertex 77.8 69.9 21
      vertex 77.8 70.4176 20.9319
    endloop
  endfacet
  facet normal 1 0 0
    outer loop
      vertex 77.8 107.8 34.01
      vertex 77.8 53.9 21
      vertex 77.8 69.9 21
    endloop
  endfacet
  facet normal 1 -0 0
    outer loop
      vertex 77.8 3 34.01
      vertex 77.8 53.9 21
      vertex 77.8 107.8 34.01
    endloop
  endfacet
  facet normal 1 0 0
    outer loop
      vertex 77.8 51.9 19
      vertex 77.8 37.5 16.7
      vertex 77.8 51.9 15
    endloop
  endfacet
  facet normal 1 0 0
    outer loop
      vertex 77.8 37.4039 17.6755
      vertex 77.8 51.9 19
      vertex 77.8 51.9681 19.5176
    endloop
  endfacet
  facet normal 1 0 0
    outer loop
      vertex 77.8 37.1194 18.6134
      vertex 77.8 51.9681 19.5176
      vertex 77.8 52.1679 20
    endloop
  endfacet
  facet normal 1 -0 0
    outer loop
      vertex 77.8 36.0355 20.2355
      vertex 77.8 52.1679 20
      vertex 77.8 52.4858 20.4142
    endloop
  endfacet
  facet normal 1 0 0
    outer loop
      vertex 77.8 35.2779 20.8573
      vertex 77.8 52.4858 20.4142
      vertex 77.8 52.9 20.732
    endloop
  endfacet
  facet normal 1 0 0
    outer loop
      vertex 77.8 34.4134 21.3194
      vertex 77.8 52.9 20.732
      vertex 77.8 53.3824 20.9319
    endloop
  endfacet
  facet normal 1 0 0
    outer loop
      vertex 77.8 51.9 19
      vertex 77.8 37.4039 17.6755
      vertex 77.8 37.5 16.7
    endloop
  endfacet
  facet normal 1 -0 -0
    outer loop
      vertex 77.8 33.4755 21.6039
      vertex 77.8 53.9 21
      vertex 77.8 3 34.01
    endloop
  endfacet
  facet normal 1 0 0
    outer loop
      vertex 77.8 51.9681 19.5176
      vertex 77.8 37.1194 18.6134
      vertex 77.8 37.4039 17.6755
    endloop
  endfacet
  facet normal 1 0 0
    outer loop
      vertex 77.8 52.1679 20
      vertex 77.8 36.6573 19.4779
      vertex 77.8 37.1194 18.6134
    endloop
  endfacet
  facet normal 1 0 0
    outer loop
      vertex 77.8 52.1679 20
      vertex 77.8 36.0355 20.2355
      vertex 77.8 36.6573 19.4779
    endloop
  endfacet
  facet normal 1 0 0
    outer loop
      vertex 77.8 52.4858 20.4142
      vertex 77.8 35.2779 20.8573
      vertex 77.8 36.0355 20.2355
    endloop
  endfacet
  facet normal 1 0 0
    outer loop
      vertex 77.8 52.9 20.732
      vertex 77.8 34.4134 21.3194
      vertex 77.8 35.2779 20.8573
    endloop
  endfacet
  facet normal 1 0 0
    outer loop
      vertex 77.8 53.3824 20.9319
      vertex 77.8 33.4755 21.6039
      vertex 77.8 34.4134 21.3194
    endloop
  endfacet
  facet normal 1 0 0
    outer loop
      vertex 77.8 53.9 21
      vertex 77.8 33.4755 21.6039
      vertex 77.8 53.3824 20.9319
    endloop
  endfacet
  facet normal 1 0 0
    outer loop
      vertex 77.8 33.4755 21.6039
      vertex 77.8 3 34.01
      vertex 77.8 32.5 21.7
    endloop
  endfacet
  facet normal 1 0 0
    outer loop
      vertex 77.8 27.5961 17.6755
      vertex 77.8 3 34.01
      vertex 77.8 27.5 16.7
    endloop
  endfacet
  facet normal 1 0 0
    outer loop
      vertex 77.8 27.8806 18.6134
      vertex 77.8 3 34.01
      vertex 77.8 27.5961 17.6755
    endloop
  endfacet
  facet normal 1 0 0
    outer loop
      vertex 77.8 28.3427 19.4779
      vertex 77.8 3 34.01
      vertex 77.8 27.8806 18.6134
    endloop
  endfacet
  facet normal 1 0 0
    outer loop
      vertex 77.8 28.9645 20.2355
      vertex 77.8 3 34.01
      vertex 77.8 28.3427 19.4779
    endloop
  endfacet
  facet normal 1 0 0
    outer loop
      vertex 77.8 29.7221 20.8573
      vertex 77.8 3 34.01
      vertex 77.8 28.9645 20.2355
    endloop
  endfacet
  facet normal 1 0 0
    outer loop
      vertex 77.8 30.5866 21.3194
      vertex 77.8 3 34.01
      vertex 77.8 29.7221 20.8573
    endloop
  endfacet
  facet normal 1 0 0
    outer loop
      vertex 77.8 31.5245 21.6039
      vertex 77.8 3 34.01
      vertex 77.8 30.5866 21.3194
    endloop
  endfacet
  facet normal 1 0 0
    outer loop
      vertex 77.8 32.5 21.7
      vertex 77.8 3 34.01
      vertex 77.8 31.5245 21.6039
    endloop
  endfacet
  facet normal 1 -0 0
    outer loop
      vertex 77.8 71.9 15
      vertex 77.8 107.8 0
      vertex 77.8 71.9 19
    endloop
  endfacet
  facet normal 1 -0 0
    outer loop
      vertex 77.8 71.8318 14.4824
      vertex 77.8 107.8 0
      vertex 77.8 71.9 15
    endloop
  endfacet
  facet normal 1 -0 0
    outer loop
      vertex 77.8 71.632 14
      vertex 77.8 107.8 0
      vertex 77.8 71.8318 14.4824
    endloop
  endfacet
  facet normal 1 -0 0
    outer loop
      vertex 77.8 71.3142 13.5858
      vertex 77.8 107.8 0
      vertex 77.8 71.632 14
    endloop
  endfacet
  facet normal 1 -0 0
    outer loop
      vertex 77.8 70.9 13.2679
      vertex 77.8 107.8 0
      vertex 77.8 71.3142 13.5858
    endloop
  endfacet
  facet normal 1 -0 0
    outer loop
      vertex 77.8 70.4176 13.0681
      vertex 77.8 107.8 0
      vertex 77.8 70.9 13.2679
    endloop
  endfacet
  facet normal 1 -0 0
    outer loop
      vertex 77.8 69.9 13
      vertex 77.8 107.8 0
      vertex 77.8 70.4176 13.0681
    endloop
  endfacet
  facet normal 1 -0 0
    outer loop
      vertex 77.8 53.9 13
      vertex 77.8 107.8 0
      vertex 77.8 69.9 13
    endloop
  endfacet
  facet normal 1 0 0
    outer loop
      vertex 77.8 33.4755 11.7961
      vertex 77.8 53.9 13
      vertex 77.8 53.3824 13.0681
    endloop
  endfacet
  facet normal 1 -0 0
    outer loop
      vertex 77.8 37.4039 15.7245
      vertex 77.8 51.9 15
      vertex 77.8 37.5 16.7
    endloop
  endfacet
  facet normal 1 0 0
    outer loop
      vertex 77.8 51.9 15
      vertex 77.8 37.4039 15.7245
      vertex 77.8 51.9681 14.4824
    endloop
  endfacet
  facet normal 1 -0 0
    outer loop
      vertex 77.8 37.1194 14.7866
      vertex 77.8 51.9681 14.4824
      vertex 77.8 37.4039 15.7245
    endloop
  endfacet
  facet normal 1 0 0
    outer loop
      vertex 77.8 51.9681 14.4824
      vertex 77.8 37.1194 14.7866
      vertex 77.8 52.1679 14
    endloop
  endfacet
  facet normal 1 0 0
    outer loop
      vertex 77.8 36.6573 13.9221
      vertex 77.8 52.1679 14
      vertex 77.8 37.1194 14.7866
    endloop
  endfacet
  facet normal 1 0 0
    outer loop
      vertex 77.8 52.1679 14
      vertex 77.8 36.6573 13.9221
      vertex 77.8 52.4858 13.5858
    endloop
  endfacet
  facet normal 1 0 0
    outer loop
      vertex 77.8 36.0355 13.1645
      vertex 77.8 52.4858 13.5858
      vertex 77.8 36.6573 13.9221
    endloop
  endfacet
  facet normal 1 0 0
    outer loop
      vertex 77.8 52.4858 13.5858
      vertex 77.8 36.0355 13.1645
      vertex 77.8 52.9 13.2679
    endloop
  endfacet
  facet normal 1 0 0
    outer loop
      vertex 77.8 35.2779 12.5427
      vertex 77.8 52.9 13.2679
      vertex 77.8 36.0355 13.1645
    endloop
  endfacet
  facet normal 1 0 0
    outer loop
      vertex 77.8 52.9 13.2679
      vertex 77.8 35.2779 12.5427
      vertex 77.8 53.3824 13.0681
    endloop
  endfacet
  facet normal 1 0 0
    outer loop
      vertex 77.8 34.4134 12.0806
      vertex 77.8 53.3824 13.0681
      vertex 77.8 35.2779 12.5427
    endloop
  endfacet
  facet normal 1 0 0
    outer loop
      vertex 77.8 33.4755 11.7961
      vertex 77.8 53.3824 13.0681
      vertex 77.8 34.4134 12.0806
    endloop
  endfacet
  facet normal 1 0 0
    outer loop
      vertex 77.8 53.9 13
      vertex 77.8 33.4755 11.7961
      vertex 77.8 0 0
    endloop
  endfacet
  facet normal 1 0 0
    outer loop
      vertex 77.8 0 0
      vertex 77.8 33.4755 11.7961
      vertex 77.8 32.5 11.7
    endloop
  endfacet
  facet normal 1 0 0
    outer loop
      vertex 77.8 0 0
      vertex 77.8 32.5 11.7
      vertex 77.8 31.5245 11.7961
    endloop
  endfacet
  facet normal 1 0 0
    outer loop
      vertex 77.8 0 0
      vertex 77.8 27.5 16.7
      vertex 77.8 3 34.01
    endloop
  endfacet
  facet normal 1 0 0
    outer loop
      vertex 77.8 27.5 16.7
      vertex 77.8 0 0
      vertex 77.8 27.5961 15.7245
    endloop
  endfacet
  facet normal 1 0 0
    outer loop
      vertex 77.8 27.5961 15.7245
      vertex 77.8 0 0
      vertex 77.8 27.8806 14.7866
    endloop
  endfacet
  facet normal 1 0 0
    outer loop
      vertex 77.8 27.8806 14.7866
      vertex 77.8 0 0
      vertex 77.8 28.3427 13.9221
    endloop
  endfacet
  facet normal 1 0 0
    outer loop
      vertex 77.8 28.3427 13.9221
      vertex 77.8 0 0
      vertex 77.8 28.9645 13.1645
    endloop
  endfacet
  facet normal 1 0 0
    outer loop
      vertex 77.8 0 0
      vertex 77.8 3 34.01
      vertex 77.8 0 36
    endloop
  endfacet
  facet normal 1 0 0
    outer loop
      vertex 77.8 53.9 13
      vertex 77.8 0 0
      vertex 77.8 107.8 0
    endloop
  endfacet
  facet normal 1 0 0
    outer loop
      vertex 77.8 30.5866 12.0806
      vertex 77.8 0 0
      vertex 77.8 31.5245 11.7961
    endloop
  endfacet
  facet normal 1 0 0
    outer loop
      vertex 77.8 29.7221 12.5427
      vertex 77.8 0 0
      vertex 77.8 30.5866 12.0806
    endloop
  endfacet
  facet normal 1 0 0
    outer loop
      vertex 77.8 28.9645 13.1645
      vertex 77.8 0 0
      vertex 77.8 29.7221 12.5427
    endloop
  endfacet
  facet normal 0 0 1
    outer loop
      vertex 76.3143 107.8 31
      vertex 75.4 105.4 31
      vertex 76.3143 3 31
    endloop
  endfacet
  facet normal 0 0 1
    outer loop
      vertex 76.3143 107.8 31
      vertex 2.4 105.4 31
      vertex 75.4 105.4 31
    endloop
  endfacet
  facet normal -0 0 1
    outer loop
      vertex 1.48571 107.8 31
      vertex 2.4 105.4 31
      vertex 76.3143 107.8 31
    endloop
  endfacet
  facet normal 0 0 1
    outer loop
      vertex 1.48571 3 31
      vertex 2.4 105.4 31
      vertex 1.48571 107.8 31
    endloop
  endfacet
  facet normal 0 0 1
    outer loop
      vertex 2.4 105.4 31
      vertex 1.48571 3 31
      vertex 2.4 3 31
    endloop
  endfacet
  facet normal 0 0 1
    outer loop
      vertex 76.3143 3 31
      vertex 75.4 105.4 31
      vertex 75.4 3 31
    endloop
  endfacet
  facet normal 0 0 -1
    outer loop
      vertex 2.4 2.4 31
      vertex 75.4 3 31
      vertex 75.4 2.4 31
    endloop
  endfacet
  facet normal -0 0 -1
    outer loop
      vertex 75.4 3 31
      vertex 2.4 2.4 31
      vertex 2.4 3 31
    endloop
  endfacet
  facet normal 0 0 -1
    outer loop
      vertex 0 0 0
      vertex 32.9 107.8 0
      vertex 32.9 0 0
    endloop
  endfacet
  facet normal -0 0 -1
    outer loop
      vertex 32.9 107.8 0
      vertex 0 0 0
      vertex 0 107.8 0
    endloop
  endfacet
  facet normal 0 0 -1
    outer loop
      vertex 44.9 -10 0
      vertex 40.491 -8.40901 0
      vertex 44.9 0 0
    endloop
  endfacet
  facet normal 0 0 -1
    outer loop
      vertex 44.9 107.8 0
      vertex 41.0733 117.218 0
      vertex 41.15 117.8 0
    endloop
  endfacet
  facet normal 0 0 -1
    outer loop
      vertex 40.025 -8.05144 0
      vertex 44.9 0 0
      vertex 40.491 -8.40901 0
    endloop
  endfacet
  facet normal 0 0 -1
    outer loop
      vertex 44.9 107.8 0
      vertex 40.8486 116.675 0
      vertex 41.0733 117.218 0
    endloop
  endfacet
  facet normal 0 0 -1
    outer loop
      vertex 44.9 0 0
      vertex 32.9 0 0
      vertex 44.9 107.8 0
    endloop
  endfacet
  facet normal 0 0 -1
    outer loop
      vertex 44.9 107.8 0
      vertex 40.491 116.209 0
      vertex 40.8486 116.675 0
    endloop
  endfacet
  facet normal 0 0 -1
    outer loop
      vertex 39.4823 -7.82667 0
      vertex 44.9 0 0
      vertex 40.025 -8.05144 0
    endloop
  endfacet
  facet normal 0 0 -1
    outer loop
      vertex 32.9 107.8 0
      vertex 44.9 107.8 0
      vertex 32.9 0 0
    endloop
  endfacet
  facet normal 0 0 -1
    outer loop
      vertex 38.9 -7.75 0
      vertex 44.9 0 0
      vertex 39.4823 -7.82667 0
    endloop
  endfacet
  facet normal 0 -0 -1
    outer loop
      vertex 38.9 115.55 0
      vertex 44.9 107.8 0
      vertex 32.9 107.8 0
    endloop
  endfacet
  facet normal -0 0 -1
    outer loop
      vertex 44.9 0 0
      vertex 38.9 -7.75 0
      vertex 32.9 0 0
    endloop
  endfacet
  facet normal 0 0 -1
    outer loop
      vertex 44.9 107.8 0
      vertex 40.025 115.851 0
      vertex 40.491 116.209 0
    endloop
  endfacet
  facet normal 0 0 -1
    outer loop
      vertex 32.9 0 0
      vertex 38.9 -7.75 0
      vertex 38.3177 -7.82667 0
    endloop
  endfacet
  facet normal 0 0 -1
    outer loop
      vertex 44.9 107.8 0
      vertex 39.4823 115.627 0
      vertex 40.025 115.851 0
    endloop
  endfacet
  facet normal 0 0 -1
    outer loop
      vertex 32.9 0 0
      vertex 38.3177 -7.82667 0
      vertex 37.775 -8.05144 0
    endloop
  endfacet
  facet normal 0 0 -1
    outer loop
      vertex 44.9 107.8 0
      vertex 38.9 115.55 0
      vertex 39.4823 115.627 0
    endloop
  endfacet
  facet normal 0 0 -1
    outer loop
      vertex 32.9 0 0
      vertex 37.775 -8.05144 0
      vertex 37.309 -8.40901 0
    endloop
  endfacet
  facet normal -0 0 -1
    outer loop
      vertex 38.9 115.55 0
      vertex 32.9 107.8 0
      vertex 38.3177 115.627 0
    endloop
  endfacet
  facet normal 0 0 -1
    outer loop
      vertex 32.9 -10 0
      vertex 37.309 -8.40901 0
      vertex 36.9514 -8.875 0
    endloop
  endfacet
  facet normal -0 0 -1
    outer loop
      vertex 38.3177 115.627 0
      vertex 32.9 107.8 0
      vertex 37.775 115.851 0
    endloop
  endfacet
  facet normal 0 0 -1
    outer loop
      vertex 32.9 -10 0
      vertex 36.9514 -8.875 0
      vertex 36.7267 -9.41766 0
    endloop
  endfacet
  facet normal -0 0 -1
    outer loop
      vertex 37.775 115.851 0
      vertex 32.9 107.8 0
      vertex 37.309 116.209 0
    endloop
  endfacet
  facet normal 0 0 -1
    outer loop
      vertex 32.9 -10 0
      vertex 36.7267 -9.41766 0
      vertex 36.65 -10 0
    endloop
  endfacet
  facet normal 0 0 -1
    outer loop
      vertex 32.9 117.8 0
      vertex 37.309 116.209 0
      vertex 32.9 107.8 0
    endloop
  endfacet
  facet normal 0 0 -1
    outer loop
      vertex 41.0733 -9.41766 0
      vertex 44.9 -10 0
      vertex 41.15 -10 0
    endloop
  endfacet
  facet normal 0 0 -1
    outer loop
      vertex 40.8486 -8.875 0
      vertex 44.9 -10 0
      vertex 41.0733 -9.41766 0
    endloop
  endfacet
  facet normal 0 0 -1
    outer loop
      vertex 41.15 -10 0
      vertex 44.9 -10 0
      vertex 44.7847 -11.1705 0
    endloop
  endfacet
  facet normal 0 0 -1
    outer loop
      vertex 40.491 -8.40901 0
      vertex 44.9 -10 0
      vertex 40.8486 -8.875 0
    endloop
  endfacet
  facet normal 0 0 -1
    outer loop
      vertex 41.0733 -10.5823 0
      vertex 44.7847 -11.1705 0
      vertex 44.4433 -12.2961 0
    endloop
  endfacet
  facet normal 0 0 -1
    outer loop
      vertex 44.9 107.8 0
      vertex 41.15 117.8 0
      vertex 44.9 117.8 0
    endloop
  endfacet
  facet normal 0 0 -1
    outer loop
      vertex 40.8486 -11.125 0
      vertex 44.4433 -12.2961 0
      vertex 43.8888 -13.3334 0
    endloop
  endfacet
  facet normal 0 0 -1
    outer loop
      vertex 44.9 117.8 0
      vertex 41.15 117.8 0
      vertex 44.7847 118.971 0
    endloop
  endfacet
  facet normal 0 0 -1
    outer loop
      vertex 40.491 -11.591 0
      vertex 43.8888 -13.3334 0
      vertex 43.1426 -14.2426 0
    endloop
  endfacet
  facet normal 0 0 -1
    outer loop
      vertex 41.0733 118.382 0
      vertex 44.7847 118.971 0
      vertex 41.15 117.8 0
    endloop
  endfacet
  facet normal 0 0 -1
    outer loop
      vertex 40.491 -11.591 0
      vertex 43.1426 -14.2426 0
      vertex 42.2334 -14.9888 0
    endloop
  endfacet
  facet normal -0 0 -1
    outer loop
      vertex 44.7847 118.971 0
      vertex 41.0733 118.382 0
      vertex 44.4433 120.096 0
    endloop
  endfacet
  facet normal 0 0 -1
    outer loop
      vertex 40.025 -11.9486 0
      vertex 42.2334 -14.9888 0
      vertex 41.1961 -15.5433 0
    endloop
  endfacet
  facet normal 0 0 -1
    outer loop
      vertex 40.8486 118.925 0
      vertex 44.4433 120.096 0
      vertex 41.0733 118.382 0
    endloop
  endfacet
  facet normal -0 0 -1
    outer loop
      vertex 44.4433 120.096 0
      vertex 40.8486 118.925 0
      vertex 43.8888 121.133 0
    endloop
  endfacet
  facet normal 0 0 -1
    outer loop
      vertex 44.7847 -11.1705 0
      vertex 41.0733 -10.5823 0
      vertex 41.15 -10 0
    endloop
  endfacet
  facet normal 0 0 -1
    outer loop
      vertex 44.4433 -12.2961 0
      vertex 40.8486 -11.125 0
      vertex 41.0733 -10.5823 0
    endloop
  endfacet
  facet normal 0 0 -1
    outer loop
      vertex 43.8888 -13.3334 0
      vertex 40.491 -11.591 0
      vertex 40.8486 -11.125 0
    endloop
  endfacet
  facet normal 0 0 -1
    outer loop
      vertex 39.4823 -12.1733 0
      vertex 41.1961 -15.5433 0
      vertex 40.0705 -15.8847 0
    endloop
  endfacet
  facet normal 0 0 -1
    outer loop
      vertex 42.2334 -14.9888 0
      vertex 40.025 -11.9486 0
      vertex 40.491 -11.591 0
    endloop
  endfacet
  facet normal 0 0 -1
    outer loop
      vertex 41.1961 -15.5433 0
      vertex 39.4823 -12.1733 0
      vertex 40.025 -11.9486 0
    endloop
  endfacet
  facet normal 0 0 -1
    outer loop
      vertex 38.9 -12.25 0
      vertex 40.0705 -15.8847 0
      vertex 38.9 -16 0
    endloop
  endfacet
  facet normal 0 0 -1
    outer loop
      vertex 40.0705 -15.8847 0
      vertex 38.9 -12.25 0
      vertex 39.4823 -12.1733 0
    endloop
  endfacet
  facet normal 0 0 -1
    outer loop
      vertex 37.7295 -15.8847 0
      vertex 38.9 -12.25 0
      vertex 38.9 -16 0
    endloop
  endfacet
  facet normal -0 0 -1
    outer loop
      vertex 38.9 -12.25 0
      vertex 37.7295 -15.8847 0
      vertex 38.3177 -12.1733 0
    endloop
  endfacet
  facet normal 0 0 -1
    outer loop
      vertex 36.6039 -15.5433 0
      vertex 38.3177 -12.1733 0
      vertex 37.7295 -15.8847 0
    endloop
  endfacet
  facet normal -0 0 -1
    outer loop
      vertex 38.3177 -12.1733 0
      vertex 36.6039 -15.5433 0
      vertex 37.775 -11.9486 0
    endloop
  endfacet
  facet normal 0 0 -1
    outer loop
      vertex 35.5666 -14.9888 0
      vertex 37.775 -11.9486 0
      vertex 36.6039 -15.5433 0
    endloop
  endfacet
  facet normal -0 0 -1
    outer loop
      vertex 37.775 -11.9486 0
      vertex 35.5666 -14.9888 0
      vertex 37.309 -11.591 0
    endloop
  endfacet
  facet normal -0 0 -1
    outer loop
      vertex 37.309 -11.591 0
      vertex 33.9112 -13.3334 0
      vertex 36.9514 -11.125 0
    endloop
  endfacet
  facet normal 0 0 -1
    outer loop
      vertex 33.9112 -13.3334 0
      vertex 37.309 -11.591 0
      vertex 34.6574 -14.2426 0
    endloop
  endfacet
  facet normal 0 0 -1
    outer loop
      vertex 34.6574 -14.2426 0
      vertex 37.309 -11.591 0
      vertex 35.5666 -14.9888 0
    endloop
  endfacet
  facet normal 0 0 -1
    outer loop
      vertex 44.9 0 0
      vertex 77.8 107.8 0
      vertex 77.8 0 0
    endloop
  endfacet
  facet normal -0 0 -1
    outer loop
      vertex 77.8 107.8 0
      vertex 44.9 0 0
      vertex 44.9 107.8 0
    endloop
  endfacet
  facet normal 0 0 -1
    outer loop
      vertex 40.491 119.391 0
      vertex 43.8888 121.133 0
      vertex 40.8486 118.925 0
    endloop
  endfacet
  facet normal -0 0 -1
    outer loop
      vertex 43.8888 121.133 0
      vertex 40.491 119.391 0
      vertex 43.1426 122.043 0
    endloop
  endfacet
  facet normal -0 0 -1
    outer loop
      vertex 43.1426 122.043 0
      vertex 40.491 119.391 0
      vertex 42.2334 122.789 0
    endloop
  endfacet
  facet normal 0 0 -1
    outer loop
      vertex 40.025 119.749 0
      vertex 42.2334 122.789 0
      vertex 40.491 119.391 0
    endloop
  endfacet
  facet normal -0 0 -1
    outer loop
      vertex 42.2334 122.789 0
      vertex 40.025 119.749 0
      vertex 41.1961 123.343 0
    endloop
  endfacet
  facet normal 0 0 -1
    outer loop
      vertex 39.4823 119.973 0
      vertex 41.1961 123.343 0
      vertex 40.025 119.749 0
    endloop
  endfacet
  facet normal -0 0 -1
    outer loop
      vertex 41.1961 123.343 0
      vertex 39.4823 119.973 0
      vertex 40.0705 123.685 0
    endloop
  endfacet
  facet normal 0 0 -1
    outer loop
      vertex 38.9 120.05 0
      vertex 40.0705 123.685 0
      vertex 39.4823 119.973 0
    endloop
  endfacet
  facet normal 0 0 -1
    outer loop
      vertex 38.9 120.05 0
      vertex 38.9 123.8 0
      vertex 40.0705 123.685 0
    endloop
  endfacet
  facet normal 0 0 -1
    outer loop
      vertex 37.7295 123.685 0
      vertex 38.9 120.05 0
      vertex 38.3177 119.973 0
    endloop
  endfacet
  facet normal 0 0 -1
    outer loop
      vertex 36.6039 123.343 0
      vertex 38.3177 119.973 0
      vertex 37.775 119.749 0
    endloop
  endfacet
  facet normal 0 0 -1
    outer loop
      vertex 38.9 120.05 0
      vertex 37.7295 123.685 0
      vertex 38.9 123.8 0
    endloop
  endfacet
  facet normal 0 0 -1
    outer loop
      vertex 35.5666 122.789 0
      vertex 37.775 119.749 0
      vertex 37.309 119.391 0
    endloop
  endfacet
  facet normal 0 0 -1
    outer loop
      vertex 33.9112 121.133 0
      vertex 37.309 119.391 0
      vertex 36.9514 118.925 0
    endloop
  endfacet
  facet normal 0 0 -1
    outer loop
      vertex 33.3567 120.096 0
      vertex 36.9514 118.925 0
      vertex 36.7267 118.382 0
    endloop
  endfacet
  facet normal 0 0 -1
    outer loop
      vertex 38.3177 119.973 0
      vertex 36.6039 123.343 0
      vertex 37.7295 123.685 0
    endloop
  endfacet
  facet normal 0 0 -1
    outer loop
      vertex 33.0153 118.971 0
      vertex 36.7267 118.382 0
      vertex 36.65 117.8 0
    endloop
  endfacet
  facet normal 0 0 -1
    outer loop
      vertex 37.309 116.209 0
      vertex 32.9 117.8 0
      vertex 36.9514 116.675 0
    endloop
  endfacet
  facet normal 0 0 -1
    outer loop
      vertex 33.3567 -12.2961 0
      vertex 36.9514 -11.125 0
      vertex 33.9112 -13.3334 0
    endloop
  endfacet
  facet normal 0 0 -1
    outer loop
      vertex 36.9514 116.675 0
      vertex 32.9 117.8 0
      vertex 36.7267 117.218 0
    endloop
  endfacet
  facet normal -0 0 -1
    outer loop
      vertex 36.9514 -11.125 0
      vertex 33.3567 -12.2961 0
      vertex 36.7267 -10.5823 0
    endloop
  endfacet
  facet normal 0 0 -1
    outer loop
      vertex 36.7267 117.218 0
      vertex 32.9 117.8 0
      vertex 36.65 117.8 0
    endloop
  endfacet
  facet normal 0 0 -1
    outer loop
      vertex 33.0153 -11.1705 0
      vertex 36.7267 -10.5823 0
      vertex 33.3567 -12.2961 0
    endloop
  endfacet
  facet normal 0 -0 -1
    outer loop
      vertex 33.0153 118.971 0
      vertex 36.65 117.8 0
      vertex 32.9 117.8 0
    endloop
  endfacet
  facet normal -0 0 -1
    outer loop
      vertex 36.7267 -10.5823 0
      vertex 33.0153 -11.1705 0
      vertex 36.65 -10 0
    endloop
  endfacet
  facet normal 0 0 -1
    outer loop
      vertex 37.775 119.749 0
      vertex 35.5666 122.789 0
      vertex 36.6039 123.343 0
    endloop
  endfacet
  facet normal -0 0 -1
    outer loop
      vertex 36.65 -10 0
      vertex 33.0153 -11.1705 0
      vertex 32.9 -10 0
    endloop
  endfacet
  facet normal 0 0 -1
    outer loop
      vertex 37.309 119.391 0
      vertex 34.6574 122.043 0
      vertex 35.5666 122.789 0
    endloop
  endfacet
  facet normal -0 0 -1
    outer loop
      vertex 37.309 -8.40901 0
      vertex 32.9 -10 0
      vertex 32.9 0 0
    endloop
  endfacet
  facet normal 0 0 -1
    outer loop
      vertex 37.309 119.391 0
      vertex 33.9112 121.133 0
      vertex 34.6574 122.043 0
    endloop
  endfacet
  facet normal 0 0 -1
    outer loop
      vertex 36.9514 118.925 0
      vertex 33.3567 120.096 0
      vertex 33.9112 121.133 0
    endloop
  endfacet
  facet normal 0 0 -1
    outer loop
      vertex 36.7267 118.382 0
      vertex 33.0153 118.971 0
      vertex 33.3567 120.096 0
    endloop
  endfacet
  facet normal -1 0 0
    outer loop
      vertex 0 107.8 0
      vertex 0 3 34.01
      vertex 0 107.8 34.01
    endloop
  endfacet
  facet normal -1 0 0
    outer loop
      vertex 0 0 0
      vertex 0 3 34.01
      vertex 0 107.8 0
    endloop
  endfacet
  facet normal -1 0 0
    outer loop
      vertex 0 0 36
      vertex 0 3 34.01
      vertex 0 0 0
    endloop
  endfacet
  facet normal -1 0 0
    outer loop
      vertex 0 3 34.01
      vertex 0 0 36
      vertex 0 3 36
    endloop
  endfacet
  facet normal 0 1 0
    outer loop
      vertex 77.8 107.8 34.01
      vertex 74.6 107.8 34
      vertex 74.6 107.8 34.01
    endloop
  endfacet
  facet normal 0 1 0
    outer loop
      vertex 77.8 107.8 34.01
      vertex 76.3143 107.8 31
      vertex 74.6 107.8 34
    endloop
  endfacet
  facet normal 0 1 0
    outer loop
      vertex 76.3143 107.8 31
      vertex 44.9 107.8 4
      vertex 1.48571 107.8 31
    endloop
  endfacet
  facet normal 0 1 -0
    outer loop
      vertex 77.8 107.8 0
      vertex 76.3143 107.8 31
      vertex 77.8 107.8 34.01
    endloop
  endfacet
  facet normal 0 1 0
    outer loop
      vertex 77.8 107.8 0
      vertex 44.9 107.8 4
      vertex 76.3143 107.8 31
    endloop
  endfacet
  facet normal 0 1 0
    outer loop
      vertex 44.9 107.8 4
      vertex 77.8 107.8 0
      vertex 44.9 107.8 0
    endloop
  endfacet
  facet normal 0 1 -0
    outer loop
      vertex 3.2 107.8 34
      vertex 0 107.8 34.01
      vertex 3.2 107.8 34.01
    endloop
  endfacet
  facet normal 0 1 -0
    outer loop
      vertex 1.48571 107.8 31
      vertex 0 107.8 34.01
      vertex 3.2 107.8 34
    endloop
  endfacet
  facet normal 0 1 -0
    outer loop
      vertex 32.9 107.8 4
      vertex 1.48571 107.8 31
      vertex 44.9 107.8 4
    endloop
  endfacet
  facet normal 0 1 0
    outer loop
      vertex 0 107.8 0
      vertex 32.9 107.8 4
      vertex 32.9 107.8 0
    endloop
  endfacet
  facet normal 0 1 0
    outer loop
      vertex 1.48571 107.8 31
      vertex 0 107.8 0
      vertex 0 107.8 34.01
    endloop
  endfacet
  facet normal 0 1 0
    outer loop
      vertex 32.9 107.8 4
      vertex 0 107.8 0
      vertex 1.48571 107.8 31
    endloop
  endfacet
  facet normal 0 -1 0
    outer loop
      vertex 62.7221 0 20.8573
      vertex 77.8 0 36
      vertex 0 0 36
    endloop
  endfacet
  facet normal 0 -1 0
    outer loop
      vertex 77.8 0 36
      vertex 64.5246 0 21.6039
      vertex 65.5 0 21.7
    endloop
  endfacet
  facet normal 0 -1 0
    outer loop
      vertex 77.8 0 36
      vertex 63.5866 0 21.3194
      vertex 64.5246 0 21.6039
    endloop
  endfacet
  facet normal 0 -1 0
    outer loop
      vertex 77.8 0 36
      vertex 62.7221 0 20.8573
      vertex 63.5866 0 21.3194
    endloop
  endfacet
  facet normal 0 -1 0
    outer loop
      vertex 0 0 36
      vertex 61.9645 0 20.2355
      vertex 62.7221 0 20.8573
    endloop
  endfacet
  facet normal 0 -1 0
    outer loop
      vertex 0 0 36
      vertex 61.3427 0 19.4779
      vertex 61.9645 0 20.2355
    endloop
  endfacet
  facet normal 0 -1 0
    outer loop
      vertex 32.9 0 4
      vertex 61.3427 0 19.4779
      vertex 0 0 36
    endloop
  endfacet
  facet normal 0 -1 0
    outer loop
      vertex 61.3427 0 19.4779
      vertex 32.9 0 4
      vertex 60.8806 0 18.6134
    endloop
  endfacet
  facet normal 0 -1 0
    outer loop
      vertex 44.9 0 4
      vertex 60.8806 0 18.6134
      vertex 32.9 0 4
    endloop
  endfacet
  facet normal 0 -1 0
    outer loop
      vertex 60.8806 0 18.6134
      vertex 44.9 0 4
      vertex 60.5961 0 17.6755
    endloop
  endfacet
  facet normal 0 -1 0
    outer loop
      vertex 60.5961 0 17.6755
      vertex 44.9 0 4
      vertex 60.5 0 16.7
    endloop
  endfacet
  facet normal 0 -1 -0
    outer loop
      vertex 60.5 0 16.7
      vertex 44.9 0 4
      vertex 60.5961 0 15.7245
    endloop
  endfacet
  facet normal 0 -1 -0
    outer loop
      vertex 60.5961 0 15.7245
      vertex 44.9 0 4
      vertex 60.8806 0 14.7866
    endloop
  endfacet
  facet normal 0 -1 -0
    outer loop
      vertex 60.8806 0 14.7866
      vertex 44.9 0 4
      vertex 61.3427 0 13.9221
    endloop
  endfacet
  facet normal 0 -1 -0
    outer loop
      vertex 61.3427 0 13.9221
      vertex 44.9 0 4
      vertex 61.9645 0 13.1645
    endloop
  endfacet
  facet normal 0 -1 -0
    outer loop
      vertex 62.7221 0 12.5427
      vertex 44.9 0 0
      vertex 63.5866 0 12.0806
    endloop
  endfacet
  facet normal 0 -1 0
    outer loop
      vertex 44.9 0 0
      vertex 62.7221 0 12.5427
      vertex 44.9 0 4
    endloop
  endfacet
  facet normal 0 -1 -0
    outer loop
      vertex 61.9645 0 13.1645
      vertex 44.9 0 4
      vertex 62.7221 0 12.5427
    endloop
  endfacet
  facet normal 0 -1 0
    outer loop
      vertex 0 0 0
      vertex 32.9 0 4
      vertex 0 0 36
    endloop
  endfacet
  facet normal 0 -1 -0
    outer loop
      vertex 32.9 0 4
      vertex 0 0 0
      vertex 32.9 0 0
    endloop
  endfacet
  facet normal 0 -1 0
    outer loop
      vertex 66.4754 0 21.6039
      vertex 77.8 0 36
      vertex 65.5 0 21.7
    endloop
  endfacet
  facet normal 0 -1 0
    outer loop
      vertex 67.4134 0 21.3194
      vertex 77.8 0 36
      vertex 66.4754 0 21.6039
    endloop
  endfacet
  facet normal 0 -1 0
    outer loop
      vertex 68.2778 0 20.8573
      vertex 77.8 0 36
      vertex 67.4134 0 21.3194
    endloop
  endfacet
  facet normal 0 -1 0
    outer loop
      vertex 69.0355 0 20.2355
      vertex 77.8 0 36
      vertex 68.2778 0 20.8573
    endloop
  endfacet
  facet normal 0 -1 0
    outer loop
      vertex 69.6573 0 19.4779
      vertex 77.8 0 36
      vertex 69.0355 0 20.2355
    endloop
  endfacet
  facet normal 0 -1 0
    outer loop
      vertex 70.1194 0 18.6134
      vertex 77.8 0 36
      vertex 69.6573 0 19.4779
    endloop
  endfacet
  facet normal 0 -1 0
    outer loop
      vertex 70.4039 0 17.6755
      vertex 77.8 0 36
      vertex 70.1194 0 18.6134
    endloop
  endfacet
  facet normal 0 -1 0
    outer loop
      vertex 70.5 0 16.7
      vertex 77.8 0 36
      vertex 70.4039 0 17.6755
    endloop
  endfacet
  facet normal 0 -1 0
    outer loop
      vertex 77.8 0 0
      vertex 70.5 0 16.7
      vertex 70.4039 0 15.7245
    endloop
  endfacet
  facet normal 0 -1 0
    outer loop
      vertex 77.8 0 0
      vertex 70.4039 0 15.7245
      vertex 70.1194 0 14.7866
    endloop
  endfacet
  facet normal 0 -1 -0
    outer loop
      vertex 63.5866 0 12.0806
      vertex 44.9 0 0
      vertex 64.5246 0 11.7961
    endloop
  endfacet
  facet normal 0 -1 0
    outer loop
      vertex 77.8 0 0
      vertex 64.5246 0 11.7961
      vertex 44.9 0 0
    endloop
  endfacet
  facet normal 0 -1 0
    outer loop
      vertex 64.5246 0 11.7961
      vertex 77.8 0 0
      vertex 65.5 0 11.7
    endloop
  endfacet
  facet normal 0 -1 0
    outer loop
      vertex 65.5 0 11.7
      vertex 77.8 0 0
      vertex 66.4754 0 11.7961
    endloop
  endfacet
  facet normal 0 -1 0
    outer loop
      vertex 66.4754 0 11.7961
      vertex 77.8 0 0
      vertex 67.4134 0 12.0806
    endloop
  endfacet
  facet normal 0 -1 0
    outer loop
      vertex 70.5 0 16.7
      vertex 77.8 0 0
      vertex 77.8 0 36
    endloop
  endfacet
  facet normal 0 -1 0
    outer loop
      vertex 69.6573 0 13.9221
      vertex 77.8 0 0
      vertex 70.1194 0 14.7866
    endloop
  endfacet
  facet normal 0 -1 0
    outer loop
      vertex 69.0355 0 13.1645
      vertex 77.8 0 0
      vertex 69.6573 0 13.9221
    endloop
  endfacet
  facet normal 0 -1 0
    outer loop
      vertex 68.2778 0 12.5427
      vertex 77.8 0 0
      vertex 69.0355 0 13.1645
    endloop
  endfacet
  facet normal 0 -1 0
    outer loop
      vertex 67.4134 0 12.0806
      vertex 77.8 0 0
      vertex 68.2778 0 12.5427
    endloop
  endfacet
  facet normal -1 0 0
    outer loop
      vertex 32.9 -10 0
      vertex 32.9 0 4
      vertex 32.9 0 0
    endloop
  endfacet
  facet normal -1 -0 0
    outer loop
      vertex 32.9 0 4
      vertex 32.9 -10 0
      vertex 32.9 -10 4
    endloop
  endfacet
  facet normal 0.772994 -0.634413 0
    outer loop
      vertex 43.1426 -14.2426 4
      vertex 43.8888 -13.3334 0
      vertex 43.8888 -13.3334 4
    endloop
  endfacet
  facet normal 0.772994 -0.634413 0
    outer loop
      vertex 43.8888 -13.3334 0
      vertex 43.1426 -14.2426 4
      vertex 43.1426 -14.2426 0
    endloop
  endfacet
  facet normal -0.471431 -0.881903 0
    outer loop
      vertex 35.5666 -14.9888 0
      vertex 36.6039 -15.5433 4
      vertex 35.5666 -14.9888 4
    endloop
  endfacet
  facet normal -0.471431 -0.881903 -0
    outer loop
      vertex 36.6039 -15.5433 4
      vertex 35.5666 -14.9888 0
      vertex 36.6039 -15.5433 0
    endloop
  endfacet
  facet normal 0.634413 -0.772994 0
    outer loop
      vertex 42.2334 -14.9888 0
      vertex 43.1426 -14.2426 4
      vertex 42.2334 -14.9888 4
    endloop
  endfacet
  facet normal 0.634413 -0.772994 0
    outer loop
      vertex 43.1426 -14.2426 4
      vertex 42.2334 -14.9888 0
      vertex 43.1426 -14.2426 0
    endloop
  endfacet
  facet normal -0 0 1
    outer loop
      vertex 40.491 -8.40901 4
      vertex 44.9 -10 4
      vertex 44.9 0 4
    endloop
  endfacet
  facet normal -0 -0 1
    outer loop
      vertex 41.0733 -9.41766 4
      vertex 44.9 -10 4
      vertex 40.8486 -8.875 4
    endloop
  endfacet
  facet normal 0 -0 1
    outer loop
      vertex 41.15 -10 4
      vertex 44.9 -10 4
      vertex 41.0733 -9.41766 4
    endloop
  endfacet
  facet normal -0 0 1
    outer loop
      vertex 41.0733 -10.5823 4
      vertex 44.7847 -11.1705 4
      vertex 41.15 -10 4
    endloop
  endfacet
  facet normal 0 0 1
    outer loop
      vertex 44.7847 -11.1705 4
      vertex 41.0733 -10.5823 4
      vertex 44.4433 -12.2961 4
    endloop
  endfacet
  facet normal 0 0 1
    outer loop
      vertex 44.4433 -12.2961 4
      vertex 40.8486 -11.125 4
      vertex 43.8888 -13.3334 4
    endloop
  endfacet
  facet normal -0 0 1
    outer loop
      vertex 40.491 -11.591 4
      vertex 43.8888 -13.3334 4
      vertex 40.8486 -11.125 4
    endloop
  endfacet
  facet normal -0 0 1
    outer loop
      vertex 40.8486 -11.125 4
      vertex 44.4433 -12.2961 4
      vertex 41.0733 -10.5823 4
    endloop
  endfacet
  facet normal 0 0 1
    outer loop
      vertex 44.9 -10 4
      vertex 41.15 -10 4
      vertex 44.7847 -11.1705 4
    endloop
  endfacet
  facet normal 0 0 1
    outer loop
      vertex 44.9 -10 4
      vertex 40.491 -8.40901 4
      vertex 40.8486 -8.875 4
    endloop
  endfacet
  facet normal 0 0 1
    outer loop
      vertex 44.9 0 4
      vertex 40.025 -8.05144 4
      vertex 40.491 -8.40901 4
    endloop
  endfacet
  facet normal 0 0 1
    outer loop
      vertex 44.9 0 4
      vertex 39.4823 -7.82667 4
      vertex 40.025 -8.05144 4
    endloop
  endfacet
  facet normal 0 0 1
    outer loop
      vertex 44.9 0 4
      vertex 38.9 -7.75 4
      vertex 39.4823 -7.82667 4
    endloop
  endfacet
  facet normal -0 0 1
    outer loop
      vertex 32.9 0 4
      vertex 38.9 -7.75 4
      vertex 44.9 0 4
    endloop
  endfacet
  facet normal 0 0 1
    outer loop
      vertex 38.9 -7.75 4
      vertex 32.9 0 4
      vertex 38.3177 -7.82667 4
    endloop
  endfacet
  facet normal 0 0 1
    outer loop
      vertex 38.3177 -7.82667 4
      vertex 32.9 0 4
      vertex 37.775 -8.05144 4
    endloop
  endfacet
  facet normal 0 0 1
    outer loop
      vertex 37.775 -11.9486 4
      vertex 35.5666 -14.9888 4
      vertex 36.6039 -15.5433 4
    endloop
  endfacet
  facet normal 0 0 1
    outer loop
      vertex 32.9 -10 4
      vertex 36.65 -10 4
      vertex 36.7267 -9.41766 4
    endloop
  endfacet
  facet normal 0 0 1
    outer loop
      vertex 36.7267 -10.5823 4
      vertex 34.6574 -14.2426 4
      vertex 35.5666 -14.9888 4
    endloop
  endfacet
  facet normal 0 0 1
    outer loop
      vertex 32.9 -10 4
      vertex 36.7267 -9.41766 4
      vertex 36.9514 -8.875 4
    endloop
  endfacet
  facet normal 0 0 1
    outer loop
      vertex 36.7267 -10.5823 4
      vertex 33.9112 -13.3334 4
      vertex 34.6574 -14.2426 4
    endloop
  endfacet
  facet normal 0 0 1
    outer loop
      vertex 36.7267 -10.5823 4
      vertex 33.3567 -12.2961 4
      vertex 33.9112 -13.3334 4
    endloop
  endfacet
  facet normal 0 0 1
    outer loop
      vertex 32.9 -10 4
      vertex 36.9514 -8.875 4
      vertex 37.309 -8.40901 4
    endloop
  endfacet
  facet normal 0 0 1
    outer loop
      vertex 37.775 -8.05144 4
      vertex 32.9 0 4
      vertex 37.309 -8.40901 4
    endloop
  endfacet
  facet normal 0 0 1
    outer loop
      vertex 36.65 -10 4
      vertex 32.9 -10 4
      vertex 33.0153 -11.1705 4
    endloop
  endfacet
  facet normal 0 0 1
    outer loop
      vertex 37.309 -8.40901 4
      vertex 32.9 0 4
      vertex 32.9 -10 4
    endloop
  endfacet
  facet normal 0 0 1
    outer loop
      vertex 36.7267 -10.5823 4
      vertex 33.0153 -11.1705 4
      vertex 33.3567 -12.2961 4
    endloop
  endfacet
  facet normal 0 0 1
    outer loop
      vertex 43.8888 -13.3334 4
      vertex 40.491 -11.591 4
      vertex 43.1426 -14.2426 4
    endloop
  endfacet
  facet normal 0 0 1
    outer loop
      vertex 43.1426 -14.2426 4
      vertex 40.491 -11.591 4
      vertex 42.2334 -14.9888 4
    endloop
  endfacet
  facet normal -0 0 1
    outer loop
      vertex 40.025 -11.9486 4
      vertex 42.2334 -14.9888 4
      vertex 40.491 -11.591 4
    endloop
  endfacet
  facet normal 0 0 1
    outer loop
      vertex 42.2334 -14.9888 4
      vertex 40.025 -11.9486 4
      vertex 41.1961 -15.5433 4
    endloop
  endfacet
  facet normal -0 0 1
    outer loop
      vertex 39.4823 -12.1733 4
      vertex 41.1961 -15.5433 4
      vertex 40.025 -11.9486 4
    endloop
  endfacet
  facet normal 0 0 1
    outer loop
      vertex 41.1961 -15.5433 4
      vertex 39.4823 -12.1733 4
      vertex 40.0705 -15.8847 4
    endloop
  endfacet
  facet normal -0 0 1
    outer loop
      vertex 38.9 -12.25 4
      vertex 40.0705 -15.8847 4
      vertex 39.4823 -12.1733 4
    endloop
  endfacet
  facet normal 0 0 1
    outer loop
      vertex 38.9 -12.25 4
      vertex 38.9 -16 4
      vertex 40.0705 -15.8847 4
    endloop
  endfacet
  facet normal 0 0 1
    outer loop
      vertex 37.7295 -15.8847 4
      vertex 38.9 -12.25 4
      vertex 38.3177 -12.1733 4
    endloop
  endfacet
  facet normal 0 0 1
    outer loop
      vertex 36.6039 -15.5433 4
      vertex 38.3177 -12.1733 4
      vertex 37.775 -11.9486 4
    endloop
  endfacet
  facet normal 0 0 1
    outer loop
      vertex 38.9 -12.25 4
      vertex 37.7295 -15.8847 4
      vertex 38.9 -16 4
    endloop
  endfacet
  facet normal 0 0 1
    outer loop
      vertex 35.5666 -14.9888 4
      vertex 37.775 -11.9486 4
      vertex 37.309 -11.591 4
    endloop
  endfacet
  facet normal 0 0 1
    outer loop
      vertex 35.5666 -14.9888 4
      vertex 37.309 -11.591 4
      vertex 36.9514 -11.125 4
    endloop
  endfacet
  facet normal 0 0 1
    outer loop
      vertex 35.5666 -14.9888 4
      vertex 36.9514 -11.125 4
      vertex 36.7267 -10.5823 4
    endloop
  endfacet
  facet normal 0 0 1
    outer loop
      vertex 38.3177 -12.1733 4
      vertex 36.6039 -15.5433 4
      vertex 37.7295 -15.8847 4
    endloop
  endfacet
  facet normal 0 0 1
    outer loop
      vertex 33.0153 -11.1705 4
      vertex 36.7267 -10.5823 4
      vertex 36.65 -10 4
    endloop
  endfacet
  facet normal -0.995183 -0.0980305 0
    outer loop
      vertex 33.0153 -11.1705 0
      vertex 32.9 -10 4
      vertex 32.9 -10 0
    endloop
  endfacet
  facet normal -0.995183 -0.0980305 0
    outer loop
      vertex 32.9 -10 4
      vertex 33.0153 -11.1705 0
      vertex 33.0153 -11.1705 4
    endloop
  endfacet
  facet normal -0.634413 -0.772994 0
    outer loop
      vertex 34.6574 -14.2426 0
      vertex 35.5666 -14.9888 4
      vertex 34.6574 -14.2426 4
    endloop
  endfacet
  facet normal -0.634413 -0.772994 -0
    outer loop
      vertex 35.5666 -14.9888 4
      vertex 34.6574 -14.2426 0
      vertex 35.5666 -14.9888 0
    endloop
  endfacet
  facet normal -0.772994 -0.634413 0
    outer loop
      vertex 34.6574 -14.2426 0
      vertex 33.9112 -13.3334 4
      vertex 33.9112 -13.3334 0
    endloop
  endfacet
  facet normal -0.772994 -0.634413 0
    outer loop
      vertex 33.9112 -13.3334 4
      vertex 34.6574 -14.2426 0
      vertex 34.6574 -14.2426 4
    endloop
  endfacet
  facet normal 1 -0 0
    outer loop
      vertex 44.9 -10 4
      vertex 44.9 0 0
      vertex 44.9 0 4
    endloop
  endfacet
  facet normal 1 0 0
    outer loop
      vertex 44.9 0 0
      vertex 44.9 -10 4
      vertex 44.9 -10 0
    endloop
  endfacet
  facet normal -0.881903 -0.471431 0
    outer loop
      vertex 33.9112 -13.3334 0
      vertex 33.3567 -12.2961 4
      vertex 33.3567 -12.2961 0
    endloop
  endfacet
  facet normal -0.881903 -0.471431 0
    outer loop
      vertex 33.3567 -12.2961 4
      vertex 33.9112 -13.3334 0
      vertex 33.9112 -13.3334 4
    endloop
  endfacet
  facet normal 0.290248 -0.956951 0
    outer loop
      vertex 40.0705 -15.8847 0
      vertex 41.1961 -15.5433 4
      vertex 40.0705 -15.8847 4
    endloop
  endfacet
  facet normal 0.290248 -0.956951 0
    outer loop
      vertex 41.1961 -15.5433 4
      vertex 40.0705 -15.8847 0
      vertex 41.1961 -15.5433 0
    endloop
  endfacet
  facet normal 0.881903 -0.471431 0
    outer loop
      vertex 43.8888 -13.3334 4
      vertex 44.4433 -12.2961 0
      vertex 44.4433 -12.2961 4
    endloop
  endfacet
  facet normal 0.881903 -0.471431 0
    outer loop
      vertex 44.4433 -12.2961 0
      vertex 43.8888 -13.3334 4
      vertex 43.8888 -13.3334 0
    endloop
  endfacet
  facet normal 0.995183 -0.0980305 0
    outer loop
      vertex 44.7847 -11.1705 4
      vertex 44.9 -10 0
      vertex 44.9 -10 4
    endloop
  endfacet
  facet normal 0.995183 -0.0980305 0
    outer loop
      vertex 44.9 -10 0
      vertex 44.7847 -11.1705 4
      vertex 44.7847 -11.1705 0
    endloop
  endfacet
  facet normal 0.0980305 -0.995183 0
    outer loop
      vertex 38.9 -16 0
      vertex 40.0705 -15.8847 4
      vertex 38.9 -16 4
    endloop
  endfacet
  facet normal 0.0980305 -0.995183 0
    outer loop
      vertex 40.0705 -15.8847 4
      vertex 38.9 -16 0
      vertex 40.0705 -15.8847 0
    endloop
  endfacet
  facet normal 0.956951 -0.290248 0
    outer loop
      vertex 44.4433 -12.2961 4
      vertex 44.7847 -11.1705 0
      vertex 44.7847 -11.1705 4
    endloop
  endfacet
  facet normal 0.956951 -0.290248 0
    outer loop
      vertex 44.7847 -11.1705 0
      vertex 44.4433 -12.2961 4
      vertex 44.4433 -12.2961 0
    endloop
  endfacet
  facet normal -0.290248 -0.956951 0
    outer loop
      vertex 36.6039 -15.5433 0
      vertex 37.7295 -15.8847 4
      vertex 36.6039 -15.5433 4
    endloop
  endfacet
  facet normal -0.290248 -0.956951 -0
    outer loop
      vertex 37.7295 -15.8847 4
      vertex 36.6039 -15.5433 0
      vertex 37.7295 -15.8847 0
    endloop
  endfacet
  facet normal -0.956951 -0.290248 0
    outer loop
      vertex 33.3567 -12.2961 0
      vertex 33.0153 -11.1705 4
      vertex 33.0153 -11.1705 0
    endloop
  endfacet
  facet normal -0.956951 -0.290248 0
    outer loop
      vertex 33.0153 -11.1705 4
      vertex 33.3567 -12.2961 0
      vertex 33.3567 -12.2961 4
    endloop
  endfacet
  facet normal -0.0980305 -0.995183 0
    outer loop
      vertex 37.7295 -15.8847 0
      vertex 38.9 -16 4
      vertex 37.7295 -15.8847 4
    endloop
  endfacet
  facet normal -0.0980305 -0.995183 -0
    outer loop
      vertex 38.9 -16 4
      vertex 37.7295 -15.8847 0
      vertex 38.9 -16 0
    endloop
  endfacet
  facet normal 0.471431 -0.881903 0
    outer loop
      vertex 41.1961 -15.5433 0
      vertex 42.2334 -14.9888 4
      vertex 41.1961 -15.5433 4
    endloop
  endfacet
  facet normal 0.471431 -0.881903 0
    outer loop
      vertex 42.2334 -14.9888 4
      vertex 41.1961 -15.5433 0
      vertex 42.2334 -14.9888 0
    endloop
  endfacet
  facet normal -1 0 0
    outer loop
      vertex 32.9 107.8 0
      vertex 32.9 117.8 4
      vertex 32.9 117.8 0
    endloop
  endfacet
  facet normal -1 -0 0
    outer loop
      vertex 32.9 117.8 4
      vertex 32.9 107.8 0
      vertex 32.9 107.8 4
    endloop
  endfacet
  facet normal -0.995187 0.097989 0
    outer loop
      vertex 32.9 117.8 0
      vertex 33.0153 118.971 4
      vertex 33.0153 118.971 0
    endloop
  endfacet
  facet normal -0.995187 0.097989 0
    outer loop
      vertex 33.0153 118.971 4
      vertex 32.9 117.8 0
      vertex 32.9 117.8 4
    endloop
  endfacet
  facet normal 0.4711 0.88208 -0
    outer loop
      vertex 42.2334 122.789 0
      vertex 41.1961 123.343 4
      vertex 42.2334 122.789 4
    endloop
  endfacet
  facet normal 0.4711 0.88208 0
    outer loop
      vertex 41.1961 123.343 4
      vertex 42.2334 122.789 0
      vertex 41.1961 123.343 0
    endloop
  endfacet
  facet normal 0.956908 0.29039 0
    outer loop
      vertex 44.7847 118.971 4
      vertex 44.4433 120.096 0
      vertex 44.4433 120.096 4
    endloop
  endfacet
  facet normal 0.956908 0.29039 0
    outer loop
      vertex 44.4433 120.096 0
      vertex 44.7847 118.971 4
      vertex 44.7847 118.971 0
    endloop
  endfacet
  facet normal -0.881846 0.471537 0
    outer loop
      vertex 33.3567 120.096 0
      vertex 33.9112 121.133 4
      vertex 33.9112 121.133 0
    endloop
  endfacet
  facet normal -0.881846 0.471537 0
    outer loop
      vertex 33.9112 121.133 4
      vertex 33.3567 120.096 0
      vertex 33.3567 120.096 4
    endloop
  endfacet
  facet normal -0.773268 0.63408 0
    outer loop
      vertex 33.9112 121.133 0
      vertex 34.6574 122.043 4
      vertex 34.6574 122.043 0
    endloop
  endfacet
  facet normal -0.773268 0.63408 0
    outer loop
      vertex 34.6574 122.043 4
      vertex 33.9112 121.133 0
      vertex 33.9112 121.133 4
    endloop
  endfacet
  facet normal 0.995187 0.097989 0
    outer loop
      vertex 44.9 117.8 4
      vertex 44.7847 118.971 0
      vertex 44.7847 118.971 4
    endloop
  endfacet
  facet normal 0.995187 0.097989 0
    outer loop
      vertex 44.7847 118.971 0
      vertex 44.9 117.8 4
      vertex 44.9 117.8 0
    endloop
  endfacet
  facet normal 0.634311 0.773078 -0
    outer loop
      vertex 43.1426 122.043 0
      vertex 42.2334 122.789 4
      vertex 43.1426 122.043 4
    endloop
  endfacet
  facet normal 0.634311 0.773078 0
    outer loop
      vertex 42.2334 122.789 4
      vertex 43.1426 122.043 0
      vertex 42.2334 122.789 0
    endloop
  endfacet
  facet normal -0.634311 0.773078 0
    outer loop
      vertex 35.5666 122.789 0
      vertex 34.6574 122.043 4
      vertex 35.5666 122.789 4
    endloop
  endfacet
  facet normal -0.634311 0.773078 0
    outer loop
      vertex 34.6574 122.043 4
      vertex 35.5666 122.789 0
      vertex 34.6574 122.043 0
    endloop
  endfacet
  facet normal -0.4711 0.88208 0
    outer loop
      vertex 36.6039 123.343 0
      vertex 35.5666 122.789 4
      vertex 36.6039 123.343 4
    endloop
  endfacet
  facet normal -0.4711 0.88208 0
    outer loop
      vertex 35.5666 122.789 4
      vertex 36.6039 123.343 0
      vertex 35.5666 122.789 0
    endloop
  endfacet
  facet normal -0.0977778 0.995208 0
    outer loop
      vertex 38.9 123.8 0
      vertex 37.7295 123.685 4
      vertex 38.9 123.8 4
    endloop
  endfacet
  facet normal -0.0977778 0.995208 0
    outer loop
      vertex 37.7295 123.685 4
      vertex 38.9 123.8 0
      vertex 37.7295 123.685 0
    endloop
  endfacet
  facet normal -0.290715 0.95681 0
    outer loop
      vertex 37.7295 123.685 0
      vertex 36.6039 123.343 4
      vertex 37.7295 123.685 4
    endloop
  endfacet
  facet normal -0.290715 0.95681 0
    outer loop
      vertex 36.6039 123.343 4
      vertex 37.7295 123.685 0
      vertex 36.6039 123.343 0
    endloop
  endfacet
  facet normal 0.773268 0.63408 0
    outer loop
      vertex 43.8888 121.133 4
      vertex 43.1426 122.043 0
      vertex 43.1426 122.043 4
    endloop
  endfacet
  facet normal 0.773268 0.63408 0
    outer loop
      vertex 43.1426 122.043 0
      vertex 43.8888 121.133 4
      vertex 43.8888 121.133 0
    endloop
  endfacet
  facet normal 1 -0 0
    outer loop
      vertex 44.9 107.8 4
      vertex 44.9 117.8 0
      vertex 44.9 117.8 4
    endloop
  endfacet
  facet normal 1 0 0
    outer loop
      vertex 44.9 117.8 0
      vertex 44.9 107.8 4
      vertex 44.9 107.8 0
    endloop
  endfacet
  facet normal -0.956908 0.29039 0
    outer loop
      vertex 33.0153 118.971 0
      vertex 33.3567 120.096 4
      vertex 33.3567 120.096 0
    endloop
  endfacet
  facet normal -0.956908 0.29039 0
    outer loop
      vertex 33.3567 120.096 4
      vertex 33.0153 118.971 0
      vertex 33.0153 118.971 4
    endloop
  endfacet
  facet normal 0.290715 0.95681 -0
    outer loop
      vertex 41.1961 123.343 0
      vertex 40.0705 123.685 4
      vertex 41.1961 123.343 4
    endloop
  endfacet
  facet normal 0.290715 0.95681 0
    outer loop
      vertex 40.0705 123.685 4
      vertex 41.1961 123.343 0
      vertex 40.0705 123.685 0
    endloop
  endfacet
  facet normal 0 0 1
    outer loop
      vertex 44.7847 118.971 4
      vertex 41.0733 118.382 4
      vertex 41.15 117.8 4
    endloop
  endfacet
  facet normal 0 0 1
    outer loop
      vertex 42.2334 122.789 4
      vertex 40.8486 118.925 4
      vertex 41.0733 118.382 4
    endloop
  endfacet
  facet normal 0 0 1
    outer loop
      vertex 42.2334 122.789 4
      vertex 40.491 119.391 4
      vertex 40.8486 118.925 4
    endloop
  endfacet
  facet normal 0 0 1
    outer loop
      vertex 39.4823 119.973 4
      vertex 41.1961 123.343 4
      vertex 40.0705 123.685 4
    endloop
  endfacet
  facet normal 0 0 1
    outer loop
      vertex 42.2334 122.789 4
      vertex 40.025 119.749 4
      vertex 40.491 119.391 4
    endloop
  endfacet
  facet normal 0 0 1
    outer loop
      vertex 41.1961 123.343 4
      vertex 39.4823 119.973 4
      vertex 40.025 119.749 4
    endloop
  endfacet
  facet normal 0 0 1
    outer loop
      vertex 38.9 120.05 4
      vertex 40.0705 123.685 4
      vertex 38.9 123.8 4
    endloop
  endfacet
  facet normal 0 0 1
    outer loop
      vertex 40.0705 123.685 4
      vertex 38.9 120.05 4
      vertex 39.4823 119.973 4
    endloop
  endfacet
  facet normal -0 0 1
    outer loop
      vertex 37.7295 123.685 4
      vertex 38.9 120.05 4
      vertex 38.9 123.8 4
    endloop
  endfacet
  facet normal 0 0 1
    outer loop
      vertex 38.9 120.05 4
      vertex 37.7295 123.685 4
      vertex 38.3177 119.973 4
    endloop
  endfacet
  facet normal -0 0 1
    outer loop
      vertex 36.6039 123.343 4
      vertex 38.3177 119.973 4
      vertex 37.7295 123.685 4
    endloop
  endfacet
  facet normal 0 0 1
    outer loop
      vertex 38.3177 119.973 4
      vertex 36.6039 123.343 4
      vertex 37.775 119.749 4
    endloop
  endfacet
  facet normal -0 0 1
    outer loop
      vertex 35.5666 122.789 4
      vertex 37.775 119.749 4
      vertex 36.6039 123.343 4
    endloop
  endfacet
  facet normal 0 0 1
    outer loop
      vertex 37.775 119.749 4
      vertex 35.5666 122.789 4
      vertex 37.309 119.391 4
    endloop
  endfacet
  facet normal -0 0 1
    outer loop
      vertex 33.9112 121.133 4
      vertex 37.309 119.391 4
      vertex 34.6574 122.043 4
    endloop
  endfacet
  facet normal -0 0 1
    outer loop
      vertex 34.6574 122.043 4
      vertex 37.309 119.391 4
      vertex 35.5666 122.789 4
    endloop
  endfacet
  facet normal 0 0 1
    outer loop
      vertex 41.15 117.8 4
      vertex 44.9 117.8 4
      vertex 44.7847 118.971 4
    endloop
  endfacet
  facet normal 0 0 1
    outer loop
      vertex 41.0733 118.382 4
      vertex 44.7847 118.971 4
      vertex 44.4433 120.096 4
    endloop
  endfacet
  facet normal 0 0 1
    outer loop
      vertex 41.0733 118.382 4
      vertex 44.4433 120.096 4
      vertex 43.8888 121.133 4
    endloop
  endfacet
  facet normal 0 0 1
    outer loop
      vertex 41.0733 118.382 4
      vertex 43.8888 121.133 4
      vertex 43.1426 122.043 4
    endloop
  endfacet
  facet normal 0 0 1
    outer loop
      vertex 41.0733 118.382 4
      vertex 43.1426 122.043 4
      vertex 42.2334 122.789 4
    endloop
  endfacet
  facet normal 0 0 1
    outer loop
      vertex 40.025 119.749 4
      vertex 42.2334 122.789 4
      vertex 41.1961 123.343 4
    endloop
  endfacet
  facet normal 0 0 1
    outer loop
      vertex 44.9 117.8 4
      vertex 41.15 117.8 4
      vertex 41.0733 117.218 4
    endloop
  endfacet
  facet normal 0 0 1
    outer loop
      vertex 44.9 117.8 4
      vertex 41.0733 117.218 4
      vertex 40.8486 116.675 4
    endloop
  endfacet
  facet normal 0 0 1
    outer loop
      vertex 40.491 116.209 4
      vertex 44.9 117.8 4
      vertex 40.8486 116.675 4
    endloop
  endfacet
  facet normal 0 0 1
    outer loop
      vertex 44.9 117.8 4
      vertex 40.491 116.209 4
      vertex 44.9 107.8 4
    endloop
  endfacet
  facet normal -0 0 1
    outer loop
      vertex 40.025 115.851 4
      vertex 44.9 107.8 4
      vertex 40.491 116.209 4
    endloop
  endfacet
  facet normal -0 0 1
    outer loop
      vertex 39.4823 115.627 4
      vertex 44.9 107.8 4
      vertex 40.025 115.851 4
    endloop
  endfacet
  facet normal -0 0 1
    outer loop
      vertex 38.9 115.55 4
      vertex 44.9 107.8 4
      vertex 39.4823 115.627 4
    endloop
  endfacet
  facet normal 0 0 1
    outer loop
      vertex 32.9 107.8 4
      vertex 38.9 115.55 4
      vertex 38.3177 115.627 4
    endloop
  endfacet
  facet normal 0 0 1
    outer loop
      vertex 32.9 107.8 4
      vertex 38.3177 115.627 4
      vertex 37.775 115.851 4
    endloop
  endfacet
  facet normal 0 0 1
    outer loop
      vertex 32.9 107.8 4
      vertex 37.775 115.851 4
      vertex 37.309 116.209 4
    endloop
  endfacet
  facet normal 0 0 1
    outer loop
      vertex 37.309 119.391 4
      vertex 33.9112 121.133 4
      vertex 36.9514 118.925 4
    endloop
  endfacet
  facet normal -0 0 1
    outer loop
      vertex 33.3567 120.096 4
      vertex 36.9514 118.925 4
      vertex 33.9112 121.133 4
    endloop
  endfacet
  facet normal 0 0 1
    outer loop
      vertex 36.9514 118.925 4
      vertex 33.3567 120.096 4
      vertex 36.7267 118.382 4
    endloop
  endfacet
  facet normal -0 0 1
    outer loop
      vertex 33.0153 118.971 4
      vertex 36.7267 118.382 4
      vertex 33.3567 120.096 4
    endloop
  endfacet
  facet normal 0 0 1
    outer loop
      vertex 36.7267 118.382 4
      vertex 33.0153 118.971 4
      vertex 36.65 117.8 4
    endloop
  endfacet
  facet normal 0 0 1
    outer loop
      vertex 32.9 117.8 4
      vertex 36.65 117.8 4
      vertex 33.0153 118.971 4
    endloop
  endfacet
  facet normal 0 0 1
    outer loop
      vertex 36.65 117.8 4
      vertex 32.9 117.8 4
      vertex 36.7267 117.218 4
    endloop
  endfacet
  facet normal 0 0 1
    outer loop
      vertex 36.7267 117.218 4
      vertex 32.9 117.8 4
      vertex 36.9514 116.675 4
    endloop
  endfacet
  facet normal 0 0 1
    outer loop
      vertex 36.9514 116.675 4
      vertex 32.9 117.8 4
      vertex 37.309 116.209 4
    endloop
  endfacet
  facet normal 0 0 1
    outer loop
      vertex 32.9 107.8 4
      vertex 37.309 116.209 4
      vertex 32.9 117.8 4
    endloop
  endfacet
  facet normal 0 0 1
    outer loop
      vertex 38.9 115.55 4
      vertex 32.9 107.8 4
      vertex 44.9 107.8 4
    endloop
  endfacet
  facet normal 0.881846 0.471537 0
    outer loop
      vertex 44.4433 120.096 4
      vertex 43.8888 121.133 0
      vertex 43.8888 121.133 4
    endloop
  endfacet
  facet normal 0.881846 0.471537 0
    outer loop
      vertex 43.8888 121.133 0
      vertex 44.4433 120.096 4
      vertex 44.4433 120.096 0
    endloop
  endfacet
  facet normal 0.0977778 0.995208 -0
    outer loop
      vertex 40.0705 123.685 0
      vertex 38.9 123.8 4
      vertex 40.0705 123.685 4
    endloop
  endfacet
  facet normal 0.0977778 0.995208 0
    outer loop
      vertex 38.9 123.8 4
      vertex 40.0705 123.685 0
      vertex 38.9 123.8 0
    endloop
  endfacet
  facet normal 0 1 -0
    outer loop
      vertex 74.6 3 34
      vertex 3.2 3 34.01
      vertex 74.6 3 34.01
    endloop
  endfacet
  facet normal 0 1 0
    outer loop
      vertex 74.6 3 34
      vertex 3.2 3 34
      vertex 3.2 3 34.01
    endloop
  endfacet
  facet normal 0 1 -0
    outer loop
      vertex 75.4 3 31
      vertex 74.6 3 34
      vertex 76.3143 3 31
    endloop
  endfacet
  facet normal 0 1 0
    outer loop
      vertex 74.6 3 34
      vertex 75.4 3 31
      vertex 3.2 3 34
    endloop
  endfacet
  facet normal 0 1 0
    outer loop
      vertex 2.4 3 31
      vertex 3.2 3 34
      vertex 75.4 3 31
    endloop
  endfacet
  facet normal 0 1 0
    outer loop
      vertex 3.2 3 34
      vertex 2.4 3 31
      vertex 1.48571 3 31
    endloop
  endfacet
  facet normal 0 1 0
    outer loop
      vertex 74.6 3 34.01
      vertex 77.8 3 36
      vertex 77.8 3 34.01
    endloop
  endfacet
  facet normal 0 1 0
    outer loop
      vertex 77.8 3 36
      vertex 74.6 3 34.01
      vertex 0 3 36
    endloop
  endfacet
  facet normal 0 1 -0
    outer loop
      vertex 3.2 3 34.01
      vertex 0 3 36
      vertex 74.6 3 34.01
    endloop
  endfacet
  facet normal 0 1 0
    outer loop
      vertex 0 3 36
      vertex 3.2 3 34.01
      vertex 0 3 34.01
    endloop
  endfacet
  facet normal 1 0 0
    outer loop
      vertex 3.2 107.8 34.01
      vertex 3.2 8.5515 34
      vertex 3.2 107.8 34
    endloop
  endfacet
  facet normal 1 0 -0
    outer loop
      vertex 3.2 8.5515 34
      vertex 3.2 107.8 34.01
      vertex 3.2 8.51 34.01
    endloop
  endfacet
  facet normal 1 -0 0
    outer loop
      vertex 3.2 3 34.01
      vertex 3.2 8.45834 34
      vertex 3.2 8.5 34.01
    endloop
  endfacet
  facet normal 1 0 0
    outer loop
      vertex 3.2 8.45834 34
      vertex 3.2 3 34.01
      vertex 3.2 3 34
    endloop
  endfacet
  facet normal -0 0 1
    outer loop
      vertex 0 107.8 34.01
      vertex 3.2 8.51 34.01
      vertex 3.2 107.8 34.01
    endloop
  endfacet
  facet normal 0 0 1
    outer loop
      vertex 0 3 34.01
      vertex 3.2 8.51 34.01
      vertex 0 107.8 34.01
    endloop
  endfacet
  facet normal 0 0 1
    outer loop
      vertex 3.2 8.51 34.01
      vertex 0 3 34.01
      vertex 3.2 8.5 34.01
    endloop
  endfacet
  facet normal 0 0 1
    outer loop
      vertex 3.2 8.5 34.01
      vertex 0 3 34.01
      vertex 3.2 3 34.01
    endloop
  endfacet
  facet normal -0 0 1
    outer loop
      vertex 3.2 8.51 34.01
      vertex 4.4 8.5 34.01
      vertex 4.4 8.51 34.01
    endloop
  endfacet
  facet normal 0 0 1
    outer loop
      vertex 4.4 8.5 34.01
      vertex 3.2 8.51 34.01
      vertex 3.2 8.5 34.01
    endloop
  endfacet
  facet normal 0.868029 -9.83767e-05 -0.496513
    outer loop
      vertex 2.86286 6 33.41
      vertex 3.2 3 34
      vertex 2.85714 6 33.4
    endloop
  endfacet
  facet normal 0.868245 0 -0.496136
    outer loop
      vertex 3.2 3 34
      vertex 2.86286 6 33.41
      vertex 3.2 8.45834 34
    endloop
  endfacet
  facet normal 0.868029 3.04886e-06 -0.496513
    outer loop
      vertex 2.85714 11 33.4
      vertex 3.2 107.8 34
      vertex 2.86286 11 33.41
    endloop
  endfacet
  facet normal 0.868245 0 -0.496136
    outer loop
      vertex 2.86286 11 33.41
      vertex 3.2 107.8 34
      vertex 3.2 8.5515 34
    endloop
  endfacet
  facet normal 0.868243 -1.79389e-08 -0.49614
    outer loop
      vertex 3.2 107.8 34
      vertex 2.85714 11 33.4
      vertex 1.48571 107.8 31
    endloop
  endfacet
  facet normal 0.868243 0 -0.496139
    outer loop
      vertex 1.48571 3 31
      vertex 2.85714 11 33.4
      vertex 2.85714 6 33.4
    endloop
  endfacet
  facet normal 0.868243 0 -0.496139
    outer loop
      vertex 2.85714 11 33.4
      vertex 1.48571 3 31
      vertex 1.48571 107.8 31
    endloop
  endfacet
  facet normal 0.868243 5.78828e-07 -0.49614
    outer loop
      vertex 1.48571 3 31
      vertex 2.85714 6 33.4
      vertex 3.2 3 34
    endloop
  endfacet
  facet normal -0.868241 -3.58777e-07 -0.496142
    outer loop
      vertex 76.3143 107.8 31
      vertex 74.9429 11 33.4
      vertex 74.6 107.8 34
    endloop
  endfacet
  facet normal -0.868248 0 -0.496131
    outer loop
      vertex 76.3143 3 31
      vertex 74.9429 11 33.4
      vertex 76.3143 107.8 31
    endloop
  endfacet
  facet normal -0.868241 1.15766e-05 -0.496142
    outer loop
      vertex 74.6 3 34
      vertex 74.9429 6 33.4
      vertex 76.3143 3 31
    endloop
  endfacet
  facet normal -0.868248 -0 -0.496131
    outer loop
      vertex 74.9429 11 33.4
      vertex 76.3143 3 31
      vertex 74.9429 6 33.4
    endloop
  endfacet
  facet normal -0.865031 4.5575e-05 -0.501718
    outer loop
      vertex 74.9371 11 33.41
      vertex 74.6 107.8 34
      vertex 74.9429 11 33.4
    endloop
  endfacet
  facet normal -0.86827 -0 -0.496091
    outer loop
      vertex 74.6 107.8 34
      vertex 74.9371 11 33.41
      vertex 74.6 8.5515 34
    endloop
  endfacet
  facet normal -0.86827 0 -0.496091
    outer loop
      vertex 74.9371 6 33.41
      vertex 74.6 3 34
      vertex 74.6 8.45834 34
    endloop
  endfacet
  facet normal -0.86503 -0.00147055 -0.501718
    outer loop
      vertex 74.9429 6 33.4
      vertex 74.6 3 34
      vertex 74.9371 6 33.41
    endloop
  endfacet
  facet normal -0 0 1
    outer loop
      vertex 73.4 8.51 34.01
      vertex 74.6 8.5 34.01
      vertex 74.6 8.51 34.01
    endloop
  endfacet
  facet normal 0 0 1
    outer loop
      vertex 74.6 8.5 34.01
      vertex 73.4 8.51 34.01
      vertex 73.4 8.5 34.01
    endloop
  endfacet
  facet normal 0 0 1
    outer loop
      vertex 74.6 8.51 34.01
      vertex 77.8 107.8 34.01
      vertex 74.6 107.8 34.01
    endloop
  endfacet
  facet normal 0 0 1
    outer loop
      vertex 77.8 107.8 34.01
      vertex 74.6 8.51 34.01
      vertex 77.8 3 34.01
    endloop
  endfacet
  facet normal -0 0 1
    outer loop
      vertex 74.6 8.5 34.01
      vertex 77.8 3 34.01
      vertex 74.6 8.51 34.01
    endloop
  endfacet
  facet normal 0 0 1
    outer loop
      vertex 77.8 3 34.01
      vertex 74.6 8.5 34.01
      vertex 74.6 3 34.01
    endloop
  endfacet
  facet normal -1 0 0
    outer loop
      vertex 74.6 8.5515 34
      vertex 74.6 107.8 34.01
      vertex 74.6 107.8 34
    endloop
  endfacet
  facet normal -1 -0 0
    outer loop
      vertex 74.6 107.8 34.01
      vertex 74.6 8.5515 34
      vertex 74.6 8.51 34.01
    endloop
  endfacet
  facet normal -1 0 0
    outer loop
      vertex 74.6 3 34.01
      vertex 74.6 8.45834 34
      vertex 74.6 3 34
    endloop
  endfacet
  facet normal -1 0 0
    outer loop
      vertex 74.6 8.45834 34
      vertex 74.6 3 34.01
      vertex 74.6 8.5 34.01
    endloop
  endfacet
  facet normal -0 0 1
    outer loop
      vertex 0 3 36
      vertex 77.8 0 36
      vertex 77.8 3 36
    endloop
  endfacet
  facet normal 0 0 1
    outer loop
      vertex 77.8 0 36
      vertex 0 3 36
      vertex 0 0 36
    endloop
  endfacet
  facet normal 0 0 -1
    outer loop
      vertex 2.85714 6 33.4
      vertex 3.2 11 33.4
      vertex 3.2 6 33.4
    endloop
  endfacet
  facet normal -0 0 -1
    outer loop
      vertex 3.2 11 33.4
      vertex 2.85714 6 33.4
      vertex 2.85714 11 33.4
    endloop
  endfacet
  facet normal 0.900844 0.434142 -0
    outer loop
      vertex 4.4 8.51 34
      vertex 3.2 11 33.41
      vertex 4.4 8.51 34.01
    endloop
  endfacet
  facet normal 0.900844 0.434142 0
    outer loop
      vertex 3.2 11 33.41
      vertex 4.4 8.51 34
      vertex 3.2 11 33.4
    endloop
  endfacet
  facet normal 0 -1 0
    outer loop
      vertex 3.2 6 33.4
      vertex 2.86286 6 33.41
      vertex 2.85714 6 33.4
    endloop
  endfacet
  facet normal 0 -1 0
    outer loop
      vertex 2.86286 6 33.41
      vertex 3.2 6 33.4
      vertex 3.2 6 33.41
    endloop
  endfacet
  facet normal 1 -0 0
    outer loop
      vertex 4.4 8.5 34.01
      vertex 4.4 8.51 34
      vertex 4.4 8.51 34.01
    endloop
  endfacet
  facet normal 1 0 0
    outer loop
      vertex 4.4 8.51 34
      vertex 4.4 8.5 34.01
      vertex 4.4 8.5 34
    endloop
  endfacet
  facet normal 0.447214 0 -0.894427
    outer loop
      vertex 3.2 6 33.4
      vertex 4.4 8.51 34
      vertex 4.4 8.5 34
    endloop
  endfacet
  facet normal 0.447214 0 -0.894427
    outer loop
      vertex 4.4 8.51 34
      vertex 3.2 6 33.4
      vertex 3.2 11 33.4
    endloop
  endfacet
  facet normal 0 1 -0
    outer loop
      vertex 3.2 11 33.4
      vertex 2.86286 11 33.41
      vertex 3.2 11 33.41
    endloop
  endfacet
  facet normal 0 1 0
    outer loop
      vertex 2.86286 11 33.41
      vertex 3.2 11 33.4
      vertex 2.85714 11 33.4
    endloop
  endfacet
  facet normal 0 -0.233408 0.972379
    outer loop
      vertex 3.2 8.45834 34
      vertex 4.4 8.5 34.01
      vertex 3.2 8.5 34.01
    endloop
  endfacet
  facet normal -1.31849e-06 -0.233372 0.972387
    outer loop
      vertex 3.2 8.45834 34
      vertex 3.2 6 33.41
      vertex 4.4 8.5 34.01
    endloop
  endfacet
  facet normal 0 -0.233372 0.972387
    outer loop
      vertex 3.2 6 33.41
      vertex 3.2 8.45834 34
      vertex 2.86286 6 33.41
    endloop
  endfacet
  facet normal 0.901523 -0.432731 0
    outer loop
      vertex 3.2 6 33.41
      vertex 4.4 8.5 34
      vertex 4.4 8.5 34.01
    endloop
  endfacet
  facet normal 0.901523 -0.432731 0
    outer loop
      vertex 4.4 8.5 34
      vertex 3.2 6 33.41
      vertex 3.2 6 33.4
    endloop
  endfacet
  facet normal 0 0.234259 0.972174
    outer loop
      vertex 3.2 11 33.41
      vertex 2.86286 11 33.41
      vertex 3.2 8.5515 34
    endloop
  endfacet
  facet normal 1.85279e-15 0.234259 0.972174
    outer loop
      vertex 3.2 8.5515 34
      vertex 4.4 8.51 34.01
      vertex 3.2 11 33.41
    endloop
  endfacet
  facet normal 0 0.234259 0.972174
    outer loop
      vertex 4.4 8.51 34.01
      vertex 3.2 8.5515 34
      vertex 3.2 8.51 34.01
    endloop
  endfacet
  facet normal 0 1 0
    outer loop
      vertex 74.6 11 33.4
      vertex 74.9371 11 33.41
      vertex 74.9429 11 33.4
    endloop
  endfacet
  facet normal 0 1 0
    outer loop
      vertex 74.9371 11 33.41
      vertex 74.6 11 33.4
      vertex 74.6 11 33.41
    endloop
  endfacet
  facet normal 0 -1 0
    outer loop
      vertex 74.6 6 33.4
      vertex 74.9371 6 33.41
      vertex 74.6 6 33.41
    endloop
  endfacet
  facet normal 0 -1 -0
    outer loop
      vertex 74.9371 6 33.41
      vertex 74.6 6 33.4
      vertex 74.9429 6 33.4
    endloop
  endfacet
  facet normal -0.901523 -0.432731 -0
    outer loop
      vertex 74.6 6 33.41
      vertex 73.4 8.5 34
      vertex 74.6 6 33.4
    endloop
  endfacet
  facet normal -0.901523 -0.432731 0
    outer loop
      vertex 73.4 8.5 34
      vertex 74.6 6 33.41
      vertex 73.4 8.5 34.01
    endloop
  endfacet
  facet normal 0 0 -1
    outer loop
      vertex 74.6 6 33.4
      vertex 74.9429 11 33.4
      vertex 74.9429 6 33.4
    endloop
  endfacet
  facet normal -0 0 -1
    outer loop
      vertex 74.9429 11 33.4
      vertex 74.6 6 33.4
      vertex 74.6 11 33.4
    endloop
  endfacet
  facet normal -1 0 0
    outer loop
      vertex 73.4 8.5 34
      vertex 73.4 8.51 34.01
      vertex 73.4 8.51 34
    endloop
  endfacet
  facet normal -1 -0 0
    outer loop
      vertex 73.4 8.51 34.01
      vertex 73.4 8.5 34
      vertex 73.4 8.5 34.01
    endloop
  endfacet
  facet normal 0 -0.233408 0.972379
    outer loop
      vertex 73.4 8.5 34.01
      vertex 74.6 8.45834 34
      vertex 74.6 8.5 34.01
    endloop
  endfacet
  facet normal 1.31849e-06 -0.233372 0.972387
    outer loop
      vertex 74.6 8.45834 34
      vertex 73.4 8.5 34.01
      vertex 74.6 6 33.41
    endloop
  endfacet
  facet normal 0 -0.233372 0.972387
    outer loop
      vertex 74.9371 6 33.41
      vertex 74.6 8.45834 34
      vertex 74.6 6 33.41
    endloop
  endfacet
  facet normal -0.900844 0.434142 0
    outer loop
      vertex 73.4 8.51 34
      vertex 74.6 11 33.41
      vertex 74.6 11 33.4
    endloop
  endfacet
  facet normal -0.900844 0.434142 0
    outer loop
      vertex 74.6 11 33.41
      vertex 73.4 8.51 34
      vertex 73.4 8.51 34.01
    endloop
  endfacet
  facet normal -0.447214 0 -0.894427
    outer loop
      vertex 73.4 8.5 34
      vertex 74.6 11 33.4
      vertex 74.6 6 33.4
    endloop
  endfacet
  facet normal -0.447214 0 -0.894427
    outer loop
      vertex 74.6 11 33.4
      vertex 73.4 8.5 34
      vertex 73.4 8.51 34
    endloop
  endfacet
  facet normal -0 0.234259 0.972174
    outer loop
      vertex 74.6 11 33.41
      vertex 74.6 8.5515 34
      vertex 74.9371 11 33.41
    endloop
  endfacet
  facet normal -1.85279e-15 0.234259 0.972174
    outer loop
      vertex 73.4 8.51 34.01
      vertex 74.6 8.5515 34
      vertex 74.6 11 33.41
    endloop
  endfacet
  facet normal 0 0.234259 0.972174
    outer loop
      vertex 74.6 8.5515 34
      vertex 73.4 8.51 34.01
      vertex 74.6 8.51 34.01
    endloop
  endfacet
  facet normal -1 0 0
    outer loop
      vertex 75.4 105.4 2.4
      vertex 75.4 71.9 15
      vertex 75.4 105.4 31
    endloop
  endfacet
  facet normal -1 0 0
    outer loop
      vertex 75.4 105.4 2.4
      vertex 75.4 71.8318 14.4824
      vertex 75.4 71.9 15
    endloop
  endfacet
  facet normal -1 0 0
    outer loop
      vertex 75.4 105.4 2.4
      vertex 75.4 71.632 14
      vertex 75.4 71.8318 14.4824
    endloop
  endfacet
  facet normal -1 0 0
    outer loop
      vertex 75.4 105.4 2.4
      vertex 75.4 71.3142 13.5858
      vertex 75.4 71.632 14
    endloop
  endfacet
  facet normal -1 0 0
    outer loop
      vertex 75.4 105.4 2.4
      vertex 75.4 70.9 13.2679
      vertex 75.4 71.3142 13.5858
    endloop
  endfacet
  facet normal -1 0 0
    outer loop
      vertex 75.4 105.4 2.4
      vertex 75.4 70.4176 13.0681
      vertex 75.4 70.9 13.2679
    endloop
  endfacet
  facet normal -1 0 0
    outer loop
      vertex 75.4 105.4 2.4
      vertex 75.4 69.9 13
      vertex 75.4 70.4176 13.0681
    endloop
  endfacet
  facet normal -1 0 0
    outer loop
      vertex 75.4 105.4 2.4
      vertex 75.4 53.9 13
      vertex 75.4 69.9 13
    endloop
  endfacet
  facet normal -1 0 0
    outer loop
      vertex 75.4 2.4 2.4
      vertex 75.4 53.9 13
      vertex 75.4 105.4 2.4
    endloop
  endfacet
  facet normal -1 0 0
    outer loop
      vertex 75.4 51.9 15
      vertex 75.4 37.5 16.7
      vertex 75.4 51.9 19
    endloop
  endfacet
  facet normal -1 0 0
    outer loop
      vertex 75.4 37.4039 15.7245
      vertex 75.4 51.9 15
      vertex 75.4 51.9681 14.4824
    endloop
  endfacet
  facet normal -1 0 0
    outer loop
      vertex 75.4 37.1194 14.7866
      vertex 75.4 51.9681 14.4824
      vertex 75.4 52.1679 14
    endloop
  endfacet
  facet normal -1 0 0
    outer loop
      vertex 75.4 36.6573 13.9221
      vertex 75.4 52.1679 14
      vertex 75.4 52.4858 13.5858
    endloop
  endfacet
  facet normal -1 0 0
    outer loop
      vertex 75.4 36.0355 13.1645
      vertex 75.4 52.4858 13.5858
      vertex 75.4 52.9 13.2679
    endloop
  endfacet
  facet normal -1 0 0
    outer loop
      vertex 75.4 35.2779 12.5427
      vertex 75.4 52.9 13.2679
      vertex 75.4 53.3824 13.0681
    endloop
  endfacet
  facet normal -1 0 0
    outer loop
      vertex 75.4 51.9 15
      vertex 75.4 37.4039 15.7245
      vertex 75.4 37.5 16.7
    endloop
  endfacet
  facet normal -1 0 -0
    outer loop
      vertex 75.4 33.4755 11.7961
      vertex 75.4 53.9 13
      vertex 75.4 2.4 2.4
    endloop
  endfacet
  facet normal -1 0 0
    outer loop
      vertex 75.4 51.9681 14.4824
      vertex 75.4 37.1194 14.7866
      vertex 75.4 37.4039 15.7245
    endloop
  endfacet
  facet normal -1 -0 0
    outer loop
      vertex 75.4 52.1679 14
      vertex 75.4 36.6573 13.9221
      vertex 75.4 37.1194 14.7866
    endloop
  endfacet
  facet normal -1 -0 0
    outer loop
      vertex 75.4 52.4858 13.5858
      vertex 75.4 36.0355 13.1645
      vertex 75.4 36.6573 13.9221
    endloop
  endfacet
  facet normal -1 0 0
    outer loop
      vertex 75.4 52.9 13.2679
      vertex 75.4 35.2779 12.5427
      vertex 75.4 36.0355 13.1645
    endloop
  endfacet
  facet normal -1 0 0
    outer loop
      vertex 75.4 53.3824 13.0681
      vertex 75.4 34.4134 12.0806
      vertex 75.4 35.2779 12.5427
    endloop
  endfacet
  facet normal -1 0 0
    outer loop
      vertex 75.4 53.3824 13.0681
      vertex 75.4 33.4755 11.7961
      vertex 75.4 34.4134 12.0806
    endloop
  endfacet
  facet normal -1 -0 0
    outer loop
      vertex 75.4 53.9 13
      vertex 75.4 33.4755 11.7961
      vertex 75.4 53.3824 13.0681
    endloop
  endfacet
  facet normal -1 0 0
    outer loop
      vertex 75.4 33.4755 11.7961
      vertex 75.4 2.4 2.4
      vertex 75.4 32.5 11.7
    endloop
  endfacet
  facet normal -1 0 0
    outer loop
      vertex 75.4 2.4 2.4
      vertex 75.4 27.5 16.7
      vertex 75.4 27.5961 15.7245
    endloop
  endfacet
  facet normal -1 0 0
    outer loop
      vertex 75.4 2.4 2.4
      vertex 75.4 27.5961 15.7245
      vertex 75.4 27.8806 14.7866
    endloop
  endfacet
  facet normal -1 0 0
    outer loop
      vertex 75.4 2.4 2.4
      vertex 75.4 27.8806 14.7866
      vertex 75.4 28.3427 13.9221
    endloop
  endfacet
  facet normal -1 0 0
    outer loop
      vertex 75.4 2.4 2.4
      vertex 75.4 28.3427 13.9221
      vertex 75.4 28.9645 13.1645
    endloop
  endfacet
  facet normal -1 0 0
    outer loop
      vertex 75.4 2.4 2.4
      vertex 75.4 28.9645 13.1645
      vertex 75.4 29.7221 12.5427
    endloop
  endfacet
  facet normal -1 -0 0
    outer loop
      vertex 75.4 32.5 11.7
      vertex 75.4 2.4 2.4
      vertex 75.4 31.5245 11.7961
    endloop
  endfacet
  facet normal -1 0 0
    outer loop
      vertex 75.4 2.4 2.4
      vertex 75.4 30.5866 12.0806
      vertex 75.4 31.5245 11.7961
    endloop
  endfacet
  facet normal -1 0 0
    outer loop
      vertex 75.4 2.4 2.4
      vertex 75.4 29.7221 12.5427
      vertex 75.4 30.5866 12.0806
    endloop
  endfacet
  facet normal -1 -0 0
    outer loop
      vertex 75.4 27.5 16.7
      vertex 75.4 2.4 2.4
      vertex 75.4 3 31
    endloop
  endfacet
  facet normal -1 -0 0
    outer loop
      vertex 75.4 3 31
      vertex 75.4 2.4 2.4
      vertex 75.4 2.4 31
    endloop
  endfacet
  facet normal -1 0 0
    outer loop
      vertex 75.4 71.9 19
      vertex 75.4 105.4 31
      vertex 75.4 71.9 15
    endloop
  endfacet
  facet normal -1 0 0
    outer loop
      vertex 75.4 71.8318 19.5176
      vertex 75.4 105.4 31
      vertex 75.4 71.9 19
    endloop
  endfacet
  facet normal -1 0 0
    outer loop
      vertex 75.4 71.632 20
      vertex 75.4 105.4 31
      vertex 75.4 71.8318 19.5176
    endloop
  endfacet
  facet normal -1 0 0
    outer loop
      vertex 75.4 71.3142 20.4142
      vertex 75.4 105.4 31
      vertex 75.4 71.632 20
    endloop
  endfacet
  facet normal -1 0 0
    outer loop
      vertex 75.4 70.9 20.732
      vertex 75.4 105.4 31
      vertex 75.4 71.3142 20.4142
    endloop
  endfacet
  facet normal -1 0 0
    outer loop
      vertex 75.4 70.4176 20.9319
      vertex 75.4 105.4 31
      vertex 75.4 70.9 20.732
    endloop
  endfacet
  facet normal -1 0 0
    outer loop
      vertex 75.4 69.9 21
      vertex 75.4 105.4 31
      vertex 75.4 70.4176 20.9319
    endloop
  endfacet
  facet normal -1 0 0
    outer loop
      vertex 75.4 53.9 21
      vertex 75.4 105.4 31
      vertex 75.4 69.9 21
    endloop
  endfacet
  facet normal -1 0 0
    outer loop
      vertex 75.4 33.4755 21.6039
      vertex 75.4 53.9 21
      vertex 75.4 53.3824 20.9319
    endloop
  endfacet
  facet normal -1 0 0
    outer loop
      vertex 75.4 37.4039 17.6755
      vertex 75.4 51.9 19
      vertex 75.4 37.5 16.7
    endloop
  endfacet
  facet normal -1 -0 0
    outer loop
      vertex 75.4 51.9 19
      vertex 75.4 37.4039 17.6755
      vertex 75.4 51.9681 19.5176
    endloop
  endfacet
  facet normal -1 0 0
    outer loop
      vertex 75.4 37.1194 18.6134
      vertex 75.4 51.9681 19.5176
      vertex 75.4 37.4039 17.6755
    endloop
  endfacet
  facet normal -1 -0 0
    outer loop
      vertex 75.4 51.9681 19.5176
      vertex 75.4 37.1194 18.6134
      vertex 75.4 52.1679 20
    endloop
  endfacet
  facet normal -1 0 0
    outer loop
      vertex 75.4 36.6573 19.4779
      vertex 75.4 52.1679 20
      vertex 75.4 37.1194 18.6134
    endloop
  endfacet
  facet normal -1 0 0
    outer loop
      vertex 75.4 36.0355 20.2355
      vertex 75.4 52.1679 20
      vertex 75.4 36.6573 19.4779
    endloop
  endfacet
  facet normal -1 0 0
    outer loop
      vertex 75.4 52.1679 20
      vertex 75.4 36.0355 20.2355
      vertex 75.4 52.4858 20.4142
    endloop
  endfacet
  facet normal -1 0 0
    outer loop
      vertex 75.4 35.2779 20.8573
      vertex 75.4 52.4858 20.4142
      vertex 75.4 36.0355 20.2355
    endloop
  endfacet
  facet normal -1 0 0
    outer loop
      vertex 75.4 52.4858 20.4142
      vertex 75.4 35.2779 20.8573
      vertex 75.4 52.9 20.732
    endloop
  endfacet
  facet normal -1 0 0
    outer loop
      vertex 75.4 34.4134 21.3194
      vertex 75.4 52.9 20.732
      vertex 75.4 35.2779 20.8573
    endloop
  endfacet
  facet normal -1 0 0
    outer loop
      vertex 75.4 52.9 20.732
      vertex 75.4 34.4134 21.3194
      vertex 75.4 53.3824 20.9319
    endloop
  endfacet
  facet normal -1 0 0
    outer loop
      vertex 75.4 33.4755 21.6039
      vertex 75.4 53.3824 20.9319
      vertex 75.4 34.4134 21.3194
    endloop
  endfacet
  facet normal -1 0 0
    outer loop
      vertex 75.4 53.9 21
      vertex 75.4 33.4755 21.6039
      vertex 75.4 3 31
    endloop
  endfacet
  facet normal -1 0 0
    outer loop
      vertex 75.4 3 31
      vertex 75.4 33.4755 21.6039
      vertex 75.4 32.5 21.7
    endloop
  endfacet
  facet normal -1 0 0
    outer loop
      vertex 75.4 3 31
      vertex 75.4 32.5 21.7
      vertex 75.4 31.5245 21.6039
    endloop
  endfacet
  facet normal -1 0 0
    outer loop
      vertex 75.4 53.9 21
      vertex 75.4 3 31
      vertex 75.4 105.4 31
    endloop
  endfacet
  facet normal -1 0 0
    outer loop
      vertex 75.4 30.5866 21.3194
      vertex 75.4 3 31
      vertex 75.4 31.5245 21.6039
    endloop
  endfacet
  facet normal -1 0 0
    outer loop
      vertex 75.4 29.7221 20.8573
      vertex 75.4 3 31
      vertex 75.4 30.5866 21.3194
    endloop
  endfacet
  facet normal -1 0 0
    outer loop
      vertex 75.4 28.9645 20.2355
      vertex 75.4 3 31
      vertex 75.4 29.7221 20.8573
    endloop
  endfacet
  facet normal -1 0 0
    outer loop
      vertex 75.4 28.3427 19.4779
      vertex 75.4 3 31
      vertex 75.4 28.9645 20.2355
    endloop
  endfacet
  facet normal -1 0 0
    outer loop
      vertex 75.4 27.8806 18.6134
      vertex 75.4 3 31
      vertex 75.4 28.3427 19.4779
    endloop
  endfacet
  facet normal -1 0 0
    outer loop
      vertex 75.4 27.5961 17.6755
      vertex 75.4 3 31
      vertex 75.4 27.8806 18.6134
    endloop
  endfacet
  facet normal -1 0 0
    outer loop
      vertex 75.4 3 31
      vertex 75.4 27.5961 17.6755
      vertex 75.4 27.5 16.7
    endloop
  endfacet
  facet normal -0 0 1
    outer loop
      vertex 2.4 105.4 2.4
      vertex 75.4 2.4 2.4
      vertex 75.4 105.4 2.4
    endloop
  endfacet
  facet normal 0 0 1
    outer loop
      vertex 75.4 2.4 2.4
      vertex 2.4 105.4 2.4
      vertex 2.4 2.4 2.4
    endloop
  endfacet
  facet normal 1 -0 0
    outer loop
      vertex 2.4 3 31
      vertex 2.4 105.4 2.4
      vertex 2.4 105.4 31
    endloop
  endfacet
  facet normal 1 0 0
    outer loop
      vertex 2.4 2.4 2.4
      vertex 2.4 3 31
      vertex 2.4 2.4 31
    endloop
  endfacet
  facet normal 1 0 0
    outer loop
      vertex 2.4 3 31
      vertex 2.4 2.4 2.4
      vertex 2.4 105.4 2.4
    endloop
  endfacet
  facet normal 0 -1 0
    outer loop
      vertex 2.4 105.4 2.4
      vertex 75.4 105.4 31
      vertex 2.4 105.4 31
    endloop
  endfacet
  facet normal 0 -1 -0
    outer loop
      vertex 75.4 105.4 31
      vertex 2.4 105.4 2.4
      vertex 75.4 105.4 2.4
    endloop
  endfacet
  facet normal 0 1 0
    outer loop
      vertex 64.5246 2.4 21.6039
      vertex 75.4 2.4 31
      vertex 65.5 2.4 21.7
    endloop
  endfacet
  facet normal 0 1 0
    outer loop
      vertex 75.4 2.4 31
      vertex 66.4754 2.4 21.6039
      vertex 65.5 2.4 21.7
    endloop
  endfacet
  facet normal 0 1 0
    outer loop
      vertex 75.4 2.4 31
      vertex 67.4134 2.4 21.3194
      vertex 66.4754 2.4 21.6039
    endloop
  endfacet
  facet normal 0 1 0
    outer loop
      vertex 75.4 2.4 31
      vertex 68.2778 2.4 20.8573
      vertex 67.4134 2.4 21.3194
    endloop
  endfacet
  facet normal 0 1 0
    outer loop
      vertex 75.4 2.4 31
      vertex 69.0355 2.4 20.2355
      vertex 68.2778 2.4 20.8573
    endloop
  endfacet
  facet normal 0 1 0
    outer loop
      vertex 75.4 2.4 31
      vertex 69.6573 2.4 19.4779
      vertex 69.0355 2.4 20.2355
    endloop
  endfacet
  facet normal 0 1 0
    outer loop
      vertex 75.4 2.4 31
      vertex 70.1194 2.4 18.6134
      vertex 69.6573 2.4 19.4779
    endloop
  endfacet
  facet normal 0 1 0
    outer loop
      vertex 75.4 2.4 31
      vertex 70.4039 2.4 17.6755
      vertex 70.1194 2.4 18.6134
    endloop
  endfacet
  facet normal 0 1 0
    outer loop
      vertex 75.4 2.4 31
      vertex 70.5 2.4 16.7
      vertex 70.4039 2.4 17.6755
    endloop
  endfacet
  facet normal 0 1 -0
    outer loop
      vertex 75.4 2.4 2.4
      vertex 70.5 2.4 16.7
      vertex 75.4 2.4 31
    endloop
  endfacet
  facet normal 0 1 0
    outer loop
      vertex 70.5 2.4 16.7
      vertex 75.4 2.4 2.4
      vertex 70.4039 2.4 15.7245
    endloop
  endfacet
  facet normal 0 1 0
    outer loop
      vertex 66.4754 2.4 11.7961
      vertex 75.4 2.4 2.4
      vertex 65.5 2.4 11.7
    endloop
  endfacet
  facet normal 0 1 0
    outer loop
      vertex 67.4134 2.4 12.0806
      vertex 75.4 2.4 2.4
      vertex 66.4754 2.4 11.7961
    endloop
  endfacet
  facet normal 0 1 0
    outer loop
      vertex 68.2778 2.4 12.5427
      vertex 75.4 2.4 2.4
      vertex 67.4134 2.4 12.0806
    endloop
  endfacet
  facet normal 0 1 0
    outer loop
      vertex 69.0355 2.4 13.1645
      vertex 75.4 2.4 2.4
      vertex 68.2778 2.4 12.5427
    endloop
  endfacet
  facet normal 0 1 0
    outer loop
      vertex 69.6573 2.4 13.9221
      vertex 75.4 2.4 2.4
      vertex 69.0355 2.4 13.1645
    endloop
  endfacet
  facet normal 0 1 0
    outer loop
      vertex 70.1194 2.4 14.7866
      vertex 75.4 2.4 2.4
      vertex 69.6573 2.4 13.9221
    endloop
  endfacet
  facet normal 0 1 0
    outer loop
      vertex 70.4039 2.4 15.7245
      vertex 75.4 2.4 2.4
      vertex 70.1194 2.4 14.7866
    endloop
  endfacet
  facet normal 0 1 0
    outer loop
      vertex 63.5866 2.4 21.3194
      vertex 75.4 2.4 31
      vertex 64.5246 2.4 21.6039
    endloop
  endfacet
  facet normal 0 1 0
    outer loop
      vertex 62.7221 2.4 20.8573
      vertex 75.4 2.4 31
      vertex 63.5866 2.4 21.3194
    endloop
  endfacet
  facet normal 0 1 0
    outer loop
      vertex 75.4 2.4 31
      vertex 62.7221 2.4 20.8573
      vertex 2.4 2.4 31
    endloop
  endfacet
  facet normal 0 1 -0
    outer loop
      vertex 61.9645 2.4 20.2355
      vertex 2.4 2.4 31
      vertex 62.7221 2.4 20.8573
    endloop
  endfacet
  facet normal 0 1 -0
    outer loop
      vertex 61.3427 2.4 19.4779
      vertex 2.4 2.4 31
      vertex 61.9645 2.4 20.2355
    endloop
  endfacet
  facet normal 0 1 -0
    outer loop
      vertex 60.8806 2.4 18.6134
      vertex 2.4 2.4 31
      vertex 61.3427 2.4 19.4779
    endloop
  endfacet
  facet normal 0 1 -0
    outer loop
      vertex 60.5961 2.4 17.6755
      vertex 2.4 2.4 31
      vertex 60.8806 2.4 18.6134
    endloop
  endfacet
  facet normal 0 1 -0
    outer loop
      vertex 60.5 2.4 16.7
      vertex 2.4 2.4 31
      vertex 60.5961 2.4 17.6755
    endloop
  endfacet
  facet normal 0 1 0
    outer loop
      vertex 2.4 2.4 2.4
      vertex 60.5 2.4 16.7
      vertex 60.5961 2.4 15.7245
    endloop
  endfacet
  facet normal 0 1 0
    outer loop
      vertex 2.4 2.4 2.4
      vertex 60.5961 2.4 15.7245
      vertex 60.8806 2.4 14.7866
    endloop
  endfacet
  facet normal 0 1 0
    outer loop
      vertex 2.4 2.4 2.4
      vertex 60.8806 2.4 14.7866
      vertex 61.3427 2.4 13.9221
    endloop
  endfacet
  facet normal 0 1 0
    outer loop
      vertex 2.4 2.4 2.4
      vertex 61.3427 2.4 13.9221
      vertex 61.9645 2.4 13.1645
    endloop
  endfacet
  facet normal 0 1 0
    outer loop
      vertex 2.4 2.4 2.4
      vertex 61.9645 2.4 13.1645
      vertex 62.7221 2.4 12.5427
    endloop
  endfacet
  facet normal 0 1 0
    outer loop
      vertex 75.4 2.4 2.4
      vertex 62.7221 2.4 12.5427
      vertex 63.5866 2.4 12.0806
    endloop
  endfacet
  facet normal 0 1 0
    outer loop
      vertex 75.4 2.4 2.4
      vertex 64.5246 2.4 11.7961
      vertex 65.5 2.4 11.7
    endloop
  endfacet
  facet normal 0 1 0
    outer loop
      vertex 75.4 2.4 2.4
      vertex 63.5866 2.4 12.0806
      vertex 64.5246 2.4 11.7961
    endloop
  endfacet
  facet normal 0 1 0
    outer loop
      vertex 62.7221 2.4 12.5427
      vertex 75.4 2.4 2.4
      vertex 2.4 2.4 2.4
    endloop
  endfacet
  facet normal 0 1 0
    outer loop
      vertex 60.5 2.4 16.7
      vertex 2.4 2.4 2.4
      vertex 2.4 2.4 31
    endloop
  endfacet
  facet normal 0.991437 -0.130582 0
    outer loop
      vertex 36.65 -10 4
      vertex 36.7267 -9.41766 0
      vertex 36.7267 -9.41766 4
    endloop
  endfacet
  facet normal 0.991437 -0.130582 0
    outer loop
      vertex 36.7267 -9.41766 0
      vertex 36.65 -10 4
      vertex 36.65 -10 0
    endloop
  endfacet
  facet normal -0.923926 -0.382571 0
    outer loop
      vertex 41.0733 -9.41766 0
      vertex 40.8486 -8.875 4
      vertex 40.8486 -8.875 0
    endloop
  endfacet
  facet normal -0.923926 -0.382571 0
    outer loop
      vertex 40.8486 -8.875 4
      vertex 41.0733 -9.41766 0
      vertex 41.0733 -9.41766 4
    endloop
  endfacet
  facet normal -0.991437 -0.130582 0
    outer loop
      vertex 41.15 -10 0
      vertex 41.0733 -9.41766 4
      vertex 41.0733 -9.41766 0
    endloop
  endfacet
  facet normal -0.991437 -0.130582 0
    outer loop
      vertex 41.0733 -9.41766 4
      vertex 41.15 -10 0
      vertex 41.15 -10 4
    endloop
  endfacet
  facet normal -0.793326 -0.608797 0
    outer loop
      vertex 40.8486 -8.875 0
      vertex 40.491 -8.40901 4
      vertex 40.491 -8.40901 0
    endloop
  endfacet
  facet normal -0.793326 -0.608797 0
    outer loop
      vertex 40.491 -8.40901 4
      vertex 40.8486 -8.875 0
      vertex 40.8486 -8.875 4
    endloop
  endfacet
  facet normal -0.608757 -0.793357 0
    outer loop
      vertex 40.025 -8.05144 0
      vertex 40.491 -8.40901 4
      vertex 40.025 -8.05144 4
    endloop
  endfacet
  facet normal -0.608757 -0.793357 -0
    outer loop
      vertex 40.491 -8.40901 4
      vertex 40.025 -8.05144 0
      vertex 40.491 -8.40901 0
    endloop
  endfacet
  facet normal 0.130541 -0.991443 0
    outer loop
      vertex 38.3177 -7.82667 0
      vertex 38.9 -7.75 4
      vertex 38.3177 -7.82667 4
    endloop
  endfacet
  facet normal 0.130541 -0.991443 0
    outer loop
      vertex 38.9 -7.75 4
      vertex 38.3177 -7.82667 0
      vertex 38.9 -7.75 0
    endloop
  endfacet
  facet normal 0.608757 -0.793357 0
    outer loop
      vertex 37.309 -8.40901 0
      vertex 37.775 -8.05144 4
      vertex 37.309 -8.40901 4
    endloop
  endfacet
  facet normal 0.608757 -0.793357 0
    outer loop
      vertex 37.775 -8.05144 4
      vertex 37.309 -8.40901 0
      vertex 37.775 -8.05144 0
    endloop
  endfacet
  facet normal 0.923936 0.382547 0
    outer loop
      vertex 36.9514 -11.125 4
      vertex 36.7267 -10.5823 0
      vertex 36.7267 -10.5823 4
    endloop
  endfacet
  facet normal 0.923936 0.382547 0
    outer loop
      vertex 36.7267 -10.5823 0
      vertex 36.9514 -11.125 4
      vertex 36.9514 -11.125 0
    endloop
  endfacet
  facet normal -0.793332 0.608789 0
    outer loop
      vertex 40.491 -11.591 0
      vertex 40.8486 -11.125 4
      vertex 40.8486 -11.125 0
    endloop
  endfacet
  facet normal -0.793332 0.608789 0
    outer loop
      vertex 40.8486 -11.125 4
      vertex 40.491 -11.591 0
      vertex 40.491 -11.591 4
    endloop
  endfacet
  facet normal 0.793326 -0.608797 0
    outer loop
      vertex 36.9514 -8.875 4
      vertex 37.309 -8.40901 0
      vertex 37.309 -8.40901 4
    endloop
  endfacet
  facet normal 0.793326 -0.608797 0
    outer loop
      vertex 37.309 -8.40901 0
      vertex 36.9514 -8.875 4
      vertex 36.9514 -8.875 0
    endloop
  endfacet
  facet normal -0.923936 0.382547 0
    outer loop
      vertex 40.8486 -11.125 0
      vertex 41.0733 -10.5823 4
      vertex 41.0733 -10.5823 0
    endloop
  endfacet
  facet normal -0.923936 0.382547 0
    outer loop
      vertex 41.0733 -10.5823 4
      vertex 40.8486 -11.125 0
      vertex 40.8486 -11.125 4
    endloop
  endfacet
  facet normal -0.991436 0.130591 0
    outer loop
      vertex 41.0733 -10.5823 0
      vertex 41.15 -10 4
      vertex 41.15 -10 0
    endloop
  endfacet
  facet normal -0.991436 0.130591 0
    outer loop
      vertex 41.15 -10 4
      vertex 41.0733 -10.5823 0
      vertex 41.0733 -10.5823 4
    endloop
  endfacet
  facet normal 0.923926 -0.382571 0
    outer loop
      vertex 36.7267 -9.41766 4
      vertex 36.9514 -8.875 0
      vertex 36.9514 -8.875 4
    endloop
  endfacet
  facet normal 0.923926 -0.382571 0
    outer loop
      vertex 36.9514 -8.875 0
      vertex 36.7267 -9.41766 4
      vertex 36.7267 -9.41766 0
    endloop
  endfacet
  facet normal -0.382547 0.923936 0
    outer loop
      vertex 40.025 -11.9486 0
      vertex 39.4823 -12.1733 4
      vertex 40.025 -11.9486 4
    endloop
  endfacet
  facet normal -0.382547 0.923936 0
    outer loop
      vertex 39.4823 -12.1733 4
      vertex 40.025 -11.9486 0
      vertex 39.4823 -12.1733 0
    endloop
  endfacet
  facet normal 0.130591 0.991436 -0
    outer loop
      vertex 38.9 -12.25 0
      vertex 38.3177 -12.1733 4
      vertex 38.9 -12.25 4
    endloop
  endfacet
  facet normal 0.130591 0.991436 0
    outer loop
      vertex 38.3177 -12.1733 4
      vertex 38.9 -12.25 0
      vertex 38.3177 -12.1733 0
    endloop
  endfacet
  facet normal -0.130591 0.991436 0
    outer loop
      vertex 39.4823 -12.1733 0
      vertex 38.9 -12.25 4
      vertex 39.4823 -12.1733 4
    endloop
  endfacet
  facet normal -0.130591 0.991436 0
    outer loop
      vertex 38.9 -12.25 4
      vertex 39.4823 -12.1733 0
      vertex 38.9 -12.25 0
    endloop
  endfacet
  facet normal 0.793332 0.608789 0
    outer loop
      vertex 37.309 -11.591 4
      vertex 36.9514 -11.125 0
      vertex 36.9514 -11.125 4
    endloop
  endfacet
  facet normal 0.793332 0.608789 0
    outer loop
      vertex 36.9514 -11.125 0
      vertex 37.309 -11.591 4
      vertex 37.309 -11.591 0
    endloop
  endfacet
  facet normal 0.382649 -0.923894 0
    outer loop
      vertex 37.775 -8.05144 0
      vertex 38.3177 -7.82667 4
      vertex 37.775 -8.05144 4
    endloop
  endfacet
  facet normal 0.382649 -0.923894 0
    outer loop
      vertex 38.3177 -7.82667 4
      vertex 37.775 -8.05144 0
      vertex 38.3177 -7.82667 0
    endloop
  endfacet
  facet normal -0.130541 -0.991443 0
    outer loop
      vertex 38.9 -7.75 0
      vertex 39.4823 -7.82667 4
      vertex 38.9 -7.75 4
    endloop
  endfacet
  facet normal -0.130541 -0.991443 -0
    outer loop
      vertex 39.4823 -7.82667 4
      vertex 38.9 -7.75 0
      vertex 39.4823 -7.82667 0
    endloop
  endfacet
  facet normal -0.608789 0.793332 0
    outer loop
      vertex 40.491 -11.591 0
      vertex 40.025 -11.9486 4
      vertex 40.491 -11.591 4
    endloop
  endfacet
  facet normal -0.608789 0.793332 0
    outer loop
      vertex 40.025 -11.9486 4
      vertex 40.491 -11.591 0
      vertex 40.025 -11.9486 0
    endloop
  endfacet
  facet normal -0.382649 -0.923894 0
    outer loop
      vertex 39.4823 -7.82667 0
      vertex 40.025 -8.05144 4
      vertex 39.4823 -7.82667 4
    endloop
  endfacet
  facet normal -0.382649 -0.923894 -0
    outer loop
      vertex 40.025 -8.05144 4
      vertex 39.4823 -7.82667 0
      vertex 40.025 -8.05144 0
    endloop
  endfacet
  facet normal 0.608789 0.793332 -0
    outer loop
      vertex 37.775 -11.9486 0
      vertex 37.309 -11.591 4
      vertex 37.775 -11.9486 4
    endloop
  endfacet
  facet normal 0.608789 0.793332 0
    outer loop
      vertex 37.309 -11.591 4
      vertex 37.775 -11.9486 0
      vertex 37.309 -11.591 0
    endloop
  endfacet
  facet normal 0.382547 0.923936 -0
    outer loop
      vertex 38.3177 -12.1733 0
      vertex 37.775 -11.9486 4
      vertex 38.3177 -12.1733 4
    endloop
  endfacet
  facet normal 0.382547 0.923936 0
    outer loop
      vertex 37.775 -11.9486 4
      vertex 38.3177 -12.1733 0
      vertex 37.775 -11.9486 0
    endloop
  endfacet
  facet normal 0.991436 0.130591 0
    outer loop
      vertex 36.7267 -10.5823 4
      vertex 36.65 -10 0
      vertex 36.65 -10 4
    endloop
  endfacet
  facet normal 0.991436 0.130591 0
    outer loop
      vertex 36.65 -10 0
      vertex 36.7267 -10.5823 4
      vertex 36.7267 -10.5823 0
    endloop
  endfacet
  facet normal -0.924011 0.382367 0
    outer loop
      vertex 40.8486 116.675 0
      vertex 41.0733 117.218 4
      vertex 41.0733 117.218 0
    endloop
  endfacet
  facet normal -0.924011 0.382367 0
    outer loop
      vertex 41.0733 117.218 4
      vertex 40.8486 116.675 0
      vertex 40.8486 116.675 4
    endloop
  endfacet
  facet normal -0.924011 -0.382367 0
    outer loop
      vertex 41.0733 118.382 0
      vertex 40.8486 118.925 4
      vertex 40.8486 118.925 0
    endloop
  endfacet
  facet normal -0.924011 -0.382367 0
    outer loop
      vertex 40.8486 118.925 4
      vertex 41.0733 118.382 0
      vertex 41.0733 118.382 4
    endloop
  endfacet
  facet normal -0.991428 -0.130657 0
    outer loop
      vertex 41.15 117.8 0
      vertex 41.0733 118.382 4
      vertex 41.0733 118.382 0
    endloop
  endfacet
  facet normal -0.991428 -0.130657 0
    outer loop
      vertex 41.0733 118.382 4
      vertex 41.15 117.8 0
      vertex 41.15 117.8 4
    endloop
  endfacet
  facet normal -0.793332 -0.608789 0
    outer loop
      vertex 40.8486 118.925 0
      vertex 40.491 119.391 4
      vertex 40.491 119.391 0
    endloop
  endfacet
  facet normal -0.793332 -0.608789 0
    outer loop
      vertex 40.491 119.391 4
      vertex 40.8486 118.925 0
      vertex 40.8486 118.925 4
    endloop
  endfacet
  facet normal 0.991428 -0.130657 0
    outer loop
      vertex 36.65 117.8 4
      vertex 36.7267 118.382 0
      vertex 36.7267 118.382 4
    endloop
  endfacet
  facet normal 0.991428 -0.130657 0
    outer loop
      vertex 36.7267 118.382 0
      vertex 36.65 117.8 4
      vertex 36.65 117.8 0
    endloop
  endfacet
  facet normal -0.381529 -0.924357 0
    outer loop
      vertex 39.4823 119.973 0
      vertex 40.025 119.749 4
      vertex 39.4823 119.973 4
    endloop
  endfacet
  facet normal -0.381529 -0.924357 -0
    outer loop
      vertex 40.025 119.749 4
      vertex 39.4823 119.973 0
      vertex 40.025 119.749 0
    endloop
  endfacet
  facet normal -0.991428 0.130657 0
    outer loop
      vertex 41.0733 117.218 0
      vertex 41.15 117.8 4
      vertex 41.15 117.8 0
    endloop
  endfacet
  facet normal -0.991428 0.130657 0
    outer loop
      vertex 41.15 117.8 4
      vertex 41.0733 117.218 0
      vertex 41.0733 117.218 4
    endloop
  endfacet
  facet normal -0.609217 -0.793003 0
    outer loop
      vertex 40.025 119.749 0
      vertex 40.491 119.391 4
      vertex 40.025 119.749 4
    endloop
  endfacet
  facet normal -0.609217 -0.793003 -0
    outer loop
      vertex 40.491 119.391 4
      vertex 40.025 119.749 0
      vertex 40.491 119.391 0
    endloop
  endfacet
  facet normal 0.609217 -0.793003 0
    outer loop
      vertex 37.309 119.391 0
      vertex 37.775 119.749 4
      vertex 37.309 119.391 4
    endloop
  endfacet
  facet normal 0.609217 -0.793003 0
    outer loop
      vertex 37.775 119.749 4
      vertex 37.309 119.391 0
      vertex 37.775 119.749 0
    endloop
  endfacet
  facet normal 0.381529 0.924357 -0
    outer loop
      vertex 38.3177 115.627 0
      vertex 37.775 115.851 4
      vertex 38.3177 115.627 4
    endloop
  endfacet
  facet normal 0.381529 0.924357 0
    outer loop
      vertex 37.775 115.851 4
      vertex 38.3177 115.627 0
      vertex 37.775 115.851 0
    endloop
  endfacet
  facet normal 0.991428 0.130657 0
    outer loop
      vertex 36.7267 117.218 4
      vertex 36.65 117.8 0
      vertex 36.65 117.8 4
    endloop
  endfacet
  facet normal 0.991428 0.130657 0
    outer loop
      vertex 36.65 117.8 0
      vertex 36.7267 117.218 4
      vertex 36.7267 117.218 0
    endloop
  endfacet
  facet normal 0.131093 0.99137 -0
    outer loop
      vertex 38.9 115.55 0
      vertex 38.3177 115.627 4
      vertex 38.9 115.55 4
    endloop
  endfacet
  facet normal 0.131093 0.99137 0
    outer loop
      vertex 38.3177 115.627 4
      vertex 38.9 115.55 0
      vertex 38.3177 115.627 0
    endloop
  endfacet
  facet normal 0.924011 0.382367 0
    outer loop
      vertex 36.9514 116.675 4
      vertex 36.7267 117.218 0
      vertex 36.7267 117.218 4
    endloop
  endfacet
  facet normal 0.924011 0.382367 0
    outer loop
      vertex 36.7267 117.218 0
      vertex 36.9514 116.675 4
      vertex 36.9514 116.675 0
    endloop
  endfacet
  facet normal 0.793332 -0.608789 0
    outer loop
      vertex 36.9514 118.925 4
      vertex 37.309 119.391 0
      vertex 37.309 119.391 4
    endloop
  endfacet
  facet normal 0.793332 -0.608789 0
    outer loop
      vertex 37.309 119.391 0
      vertex 36.9514 118.925 4
      vertex 36.9514 118.925 0
    endloop
  endfacet
  facet normal -0.793332 0.608789 0
    outer loop
      vertex 40.491 116.209 0
      vertex 40.8486 116.675 4
      vertex 40.8486 116.675 0
    endloop
  endfacet
  facet normal -0.793332 0.608789 0
    outer loop
      vertex 40.8486 116.675 4
      vertex 40.491 116.209 0
      vertex 40.491 116.209 4
    endloop
  endfacet
  facet normal 0.131093 -0.99137 0
    outer loop
      vertex 38.3177 119.973 0
      vertex 38.9 120.05 4
      vertex 38.3177 119.973 4
    endloop
  endfacet
  facet normal 0.131093 -0.99137 0
    outer loop
      vertex 38.9 120.05 4
      vertex 38.3177 119.973 0
      vertex 38.9 120.05 0
    endloop
  endfacet
  facet normal 0.381529 -0.924357 0
    outer loop
      vertex 37.775 119.749 0
      vertex 38.3177 119.973 4
      vertex 37.775 119.749 4
    endloop
  endfacet
  facet normal 0.381529 -0.924357 0
    outer loop
      vertex 38.3177 119.973 4
      vertex 37.775 119.749 0
      vertex 38.3177 119.973 0
    endloop
  endfacet
  facet normal -0.131093 0.99137 0
    outer loop
      vertex 39.4823 115.627 0
      vertex 38.9 115.55 4
      vertex 39.4823 115.627 4
    endloop
  endfacet
  facet normal -0.131093 0.99137 0
    outer loop
      vertex 38.9 115.55 4
      vertex 39.4823 115.627 0
      vertex 38.9 115.55 0
    endloop
  endfacet
  facet normal -0.381529 0.924357 0
    outer loop
      vertex 40.025 115.851 0
      vertex 39.4823 115.627 4
      vertex 40.025 115.851 4
    endloop
  endfacet
  facet normal -0.381529 0.924357 0
    outer loop
      vertex 39.4823 115.627 4
      vertex 40.025 115.851 0
      vertex 39.4823 115.627 0
    endloop
  endfacet
  facet normal -0.609217 0.793003 0
    outer loop
      vertex 40.491 116.209 0
      vertex 40.025 115.851 4
      vertex 40.491 116.209 4
    endloop
  endfacet
  facet normal -0.609217 0.793003 0
    outer loop
      vertex 40.025 115.851 4
      vertex 40.491 116.209 0
      vertex 40.025 115.851 0
    endloop
  endfacet
  facet normal 0.793332 0.608789 0
    outer loop
      vertex 37.309 116.209 4
      vertex 36.9514 116.675 0
      vertex 36.9514 116.675 4
    endloop
  endfacet
  facet normal 0.793332 0.608789 0
    outer loop
      vertex 36.9514 116.675 0
      vertex 37.309 116.209 4
      vertex 37.309 116.209 0
    endloop
  endfacet
  facet normal -0.131093 -0.99137 0
    outer loop
      vertex 38.9 120.05 0
      vertex 39.4823 119.973 4
      vertex 38.9 120.05 4
    endloop
  endfacet
  facet normal -0.131093 -0.99137 -0
    outer loop
      vertex 39.4823 119.973 4
      vertex 38.9 120.05 0
      vertex 39.4823 119.973 0
    endloop
  endfacet
  facet normal 0.924011 -0.382367 0
    outer loop
      vertex 36.7267 118.382 4
      vertex 36.9514 118.925 0
      vertex 36.9514 118.925 4
    endloop
  endfacet
  facet normal 0.924011 -0.382367 0
    outer loop
      vertex 36.9514 118.925 0
      vertex 36.7267 118.382 4
      vertex 36.7267 118.382 0
    endloop
  endfacet
  facet normal 0.609217 0.793003 -0
    outer loop
      vertex 37.775 115.851 0
      vertex 37.309 116.209 4
      vertex 37.775 115.851 4
    endloop
  endfacet
  facet normal 0.609217 0.793003 0
    outer loop
      vertex 37.309 116.209 4
      vertex 37.775 115.851 0
      vertex 37.309 116.209 0
    endloop
  endfacet
  facet normal 0.881915 0 -0.471409
    outer loop
      vertex 61.3427 0 19.4779
      vertex 60.8806 2.4 18.6134
      vertex 61.3427 2.4 19.4779
    endloop
  endfacet
  facet normal 0.881915 0 -0.471409
    outer loop
      vertex 60.8806 2.4 18.6134
      vertex 61.3427 0 19.4779
      vertex 60.8806 0 18.6134
    endloop
  endfacet
  facet normal -0.956943 0 0.290276
    outer loop
      vertex 70.1194 0 14.7866
      vertex 70.4039 2.4 15.7245
      vertex 70.1194 2.4 14.7866
    endloop
  endfacet
  facet normal -0.956943 0 0.290276
    outer loop
      vertex 70.4039 2.4 15.7245
      vertex 70.1194 0 14.7866
      vertex 70.4039 0 15.7245
    endloop
  endfacet
  facet normal -0.995183 0 0.098039
    outer loop
      vertex 70.4039 0 15.7245
      vertex 70.5 2.4 16.7
      vertex 70.4039 2.4 15.7245
    endloop
  endfacet
  facet normal -0.995183 0 0.098039
    outer loop
      vertex 70.5 2.4 16.7
      vertex 70.4039 0 15.7245
      vertex 70.5 0 16.7
    endloop
  endfacet
  facet normal -0.881915 0 0.471409
    outer loop
      vertex 69.6573 0 13.9221
      vertex 70.1194 2.4 14.7866
      vertex 69.6573 2.4 13.9221
    endloop
  endfacet
  facet normal -0.881915 0 0.471409
    outer loop
      vertex 70.1194 2.4 14.7866
      vertex 69.6573 0 13.9221
      vertex 70.1194 0 14.7866
    endloop
  endfacet
  facet normal 0.471409 0 -0.881915
    outer loop
      vertex 62.7221 0 20.8573
      vertex 63.5866 2.4 21.3194
      vertex 63.5866 0 21.3194
    endloop
  endfacet
  facet normal 0.471409 0 -0.881915
    outer loop
      vertex 63.5866 2.4 21.3194
      vertex 62.7221 0 20.8573
      vertex 62.7221 2.4 20.8573
    endloop
  endfacet
  facet normal 0.290248 0 0.956951
    outer loop
      vertex 63.5866 2.4 12.0806
      vertex 64.5246 0 11.7961
      vertex 64.5246 2.4 11.7961
    endloop
  endfacet
  facet normal 0.290248 0 0.956951
    outer loop
      vertex 64.5246 0 11.7961
      vertex 63.5866 2.4 12.0806
      vertex 63.5866 0 12.0806
    endloop
  endfacet
  facet normal -0.995183 0 -0.098039
    outer loop
      vertex 70.5 0 16.7
      vertex 70.4039 2.4 17.6755
      vertex 70.5 2.4 16.7
    endloop
  endfacet
  facet normal -0.995183 -0 -0.098039
    outer loop
      vertex 70.4039 2.4 17.6755
      vertex 70.5 0 16.7
      vertex 70.4039 0 17.6755
    endloop
  endfacet
  facet normal -0.881915 0 -0.471409
    outer loop
      vertex 70.1194 0 18.6134
      vertex 69.6573 2.4 19.4779
      vertex 70.1194 2.4 18.6134
    endloop
  endfacet
  facet normal -0.881915 -0 -0.471409
    outer loop
      vertex 69.6573 2.4 19.4779
      vertex 70.1194 0 18.6134
      vertex 69.6573 0 19.4779
    endloop
  endfacet
  facet normal -0.634376 0 -0.773025
    outer loop
      vertex 68.2778 0 20.8573
      vertex 69.0355 2.4 20.2355
      vertex 69.0355 0 20.2355
    endloop
  endfacet
  facet normal -0.634376 0 -0.773025
    outer loop
      vertex 69.0355 2.4 20.2355
      vertex 68.2778 0 20.8573
      vertex 68.2778 2.4 20.8573
    endloop
  endfacet
  facet normal -0.772984 0 0.634426
    outer loop
      vertex 69.0355 0 13.1645
      vertex 69.6573 2.4 13.9221
      vertex 69.0355 2.4 13.1645
    endloop
  endfacet
  facet normal -0.772984 0 0.634426
    outer loop
      vertex 69.6573 2.4 13.9221
      vertex 69.0355 0 13.1645
      vertex 69.6573 0 13.9221
    endloop
  endfacet
  facet normal 0.098049 0 0.995182
    outer loop
      vertex 64.5246 2.4 11.7961
      vertex 65.5 0 11.7
      vertex 65.5 2.4 11.7
    endloop
  endfacet
  facet normal 0.098049 0 0.995182
    outer loop
      vertex 65.5 0 11.7
      vertex 64.5246 2.4 11.7961
      vertex 64.5246 0 11.7961
    endloop
  endfacet
  facet normal 0.634426 0 -0.772984
    outer loop
      vertex 61.9645 0 20.2355
      vertex 62.7221 2.4 20.8573
      vertex 62.7221 0 20.8573
    endloop
  endfacet
  facet normal 0.634426 0 -0.772984
    outer loop
      vertex 62.7221 2.4 20.8573
      vertex 61.9645 0 20.2355
      vertex 61.9645 2.4 20.2355
    endloop
  endfacet
  facet normal 0.098049 0 -0.995182
    outer loop
      vertex 64.5246 0 21.6039
      vertex 65.5 2.4 21.7
      vertex 65.5 0 21.7
    endloop
  endfacet
  facet normal 0.098049 0 -0.995182
    outer loop
      vertex 65.5 2.4 21.7
      vertex 64.5246 0 21.6039
      vertex 64.5246 2.4 21.6039
    endloop
  endfacet
  facet normal -0.471451 0 -0.881892
    outer loop
      vertex 67.4134 0 21.3194
      vertex 68.2778 2.4 20.8573
      vertex 68.2778 0 20.8573
    endloop
  endfacet
  facet normal -0.471451 0 -0.881892
    outer loop
      vertex 68.2778 2.4 20.8573
      vertex 67.4134 0 21.3194
      vertex 67.4134 2.4 21.3194
    endloop
  endfacet
  facet normal -0.098049 0 0.995182
    outer loop
      vertex 65.5 2.4 11.7
      vertex 66.4754 0 11.7961
      vertex 66.4754 2.4 11.7961
    endloop
  endfacet
  facet normal -0.098049 0 0.995182
    outer loop
      vertex 66.4754 0 11.7961
      vertex 65.5 2.4 11.7
      vertex 65.5 0 11.7
    endloop
  endfacet
  facet normal -0.956943 0 -0.290276
    outer loop
      vertex 70.4039 0 17.6755
      vertex 70.1194 2.4 18.6134
      vertex 70.4039 2.4 17.6755
    endloop
  endfacet
  facet normal -0.956943 -0 -0.290276
    outer loop
      vertex 70.1194 2.4 18.6134
      vertex 70.4039 0 17.6755
      vertex 70.1194 0 18.6134
    endloop
  endfacet
  facet normal 0.956943 0 -0.290276
    outer loop
      vertex 60.8806 0 18.6134
      vertex 60.5961 2.4 17.6755
      vertex 60.8806 2.4 18.6134
    endloop
  endfacet
  facet normal 0.956943 0 -0.290276
    outer loop
      vertex 60.5961 2.4 17.6755
      vertex 60.8806 0 18.6134
      vertex 60.5961 0 17.6755
    endloop
  endfacet
  facet normal -0.290248 0 0.956951
    outer loop
      vertex 66.4754 2.4 11.7961
      vertex 67.4134 0 12.0806
      vertex 67.4134 2.4 12.0806
    endloop
  endfacet
  facet normal -0.290248 0 0.956951
    outer loop
      vertex 67.4134 0 12.0806
      vertex 66.4754 2.4 11.7961
      vertex 66.4754 0 11.7961
    endloop
  endfacet
  facet normal -0.772984 0 -0.634426
    outer loop
      vertex 69.6573 0 19.4779
      vertex 69.0355 2.4 20.2355
      vertex 69.6573 2.4 19.4779
    endloop
  endfacet
  facet normal -0.772984 -0 -0.634426
    outer loop
      vertex 69.0355 2.4 20.2355
      vertex 69.6573 0 19.4779
      vertex 69.0355 0 20.2355
    endloop
  endfacet
  facet normal 0.634426 0 0.772984
    outer loop
      vertex 61.9645 2.4 13.1645
      vertex 62.7221 0 12.5427
      vertex 62.7221 2.4 12.5427
    endloop
  endfacet
  facet normal 0.634426 0 0.772984
    outer loop
      vertex 62.7221 0 12.5427
      vertex 61.9645 2.4 13.1645
      vertex 61.9645 0 13.1645
    endloop
  endfacet
  facet normal -0.290248 0 -0.956951
    outer loop
      vertex 66.4754 0 21.6039
      vertex 67.4134 2.4 21.3194
      vertex 67.4134 0 21.3194
    endloop
  endfacet
  facet normal -0.290248 0 -0.956951
    outer loop
      vertex 67.4134 2.4 21.3194
      vertex 66.4754 0 21.6039
      vertex 66.4754 2.4 21.6039
    endloop
  endfacet
  facet normal 0.471409 0 0.881915
    outer loop
      vertex 62.7221 2.4 12.5427
      vertex 63.5866 0 12.0806
      vertex 63.5866 2.4 12.0806
    endloop
  endfacet
  facet normal 0.471409 0 0.881915
    outer loop
      vertex 63.5866 0 12.0806
      vertex 62.7221 2.4 12.5427
      vertex 62.7221 0 12.5427
    endloop
  endfacet
  facet normal 0.772984 0 -0.634426
    outer loop
      vertex 61.9645 0 20.2355
      vertex 61.3427 2.4 19.4779
      vertex 61.9645 2.4 20.2355
    endloop
  endfacet
  facet normal 0.772984 0 -0.634426
    outer loop
      vertex 61.3427 2.4 19.4779
      vertex 61.9645 0 20.2355
      vertex 61.3427 0 19.4779
    endloop
  endfacet
  facet normal 0.290248 0 -0.956951
    outer loop
      vertex 63.5866 0 21.3194
      vertex 64.5246 2.4 21.6039
      vertex 64.5246 0 21.6039
    endloop
  endfacet
  facet normal 0.290248 0 -0.956951
    outer loop
      vertex 64.5246 2.4 21.6039
      vertex 63.5866 0 21.3194
      vertex 63.5866 2.4 21.3194
    endloop
  endfacet
  facet normal -0.634376 0 0.773025
    outer loop
      vertex 68.2778 2.4 12.5427
      vertex 69.0355 0 13.1645
      vertex 69.0355 2.4 13.1645
    endloop
  endfacet
  facet normal -0.634376 0 0.773025
    outer loop
      vertex 69.0355 0 13.1645
      vertex 68.2778 2.4 12.5427
      vertex 68.2778 0 12.5427
    endloop
  endfacet
  facet normal -0.471451 0 0.881892
    outer loop
      vertex 67.4134 2.4 12.0806
      vertex 68.2778 0 12.5427
      vertex 68.2778 2.4 12.5427
    endloop
  endfacet
  facet normal -0.471451 0 0.881892
    outer loop
      vertex 68.2778 0 12.5427
      vertex 67.4134 2.4 12.0806
      vertex 67.4134 0 12.0806
    endloop
  endfacet
  facet normal 0.995183 -0 0.098039
    outer loop
      vertex 60.5 0 16.7
      vertex 60.5961 2.4 15.7245
      vertex 60.5 2.4 16.7
    endloop
  endfacet
  facet normal 0.995183 0 0.098039
    outer loop
      vertex 60.5961 2.4 15.7245
      vertex 60.5 0 16.7
      vertex 60.5961 0 15.7245
    endloop
  endfacet
  facet normal -0.098049 0 -0.995182
    outer loop
      vertex 65.5 0 21.7
      vertex 66.4754 2.4 21.6039
      vertex 66.4754 0 21.6039
    endloop
  endfacet
  facet normal -0.098049 0 -0.995182
    outer loop
      vertex 66.4754 2.4 21.6039
      vertex 65.5 0 21.7
      vertex 65.5 2.4 21.7
    endloop
  endfacet
  facet normal 0.772984 -0 0.634426
    outer loop
      vertex 61.3427 0 13.9221
      vertex 61.9645 2.4 13.1645
      vertex 61.3427 2.4 13.9221
    endloop
  endfacet
  facet normal 0.772984 0 0.634426
    outer loop
      vertex 61.9645 2.4 13.1645
      vertex 61.3427 0 13.9221
      vertex 61.9645 0 13.1645
    endloop
  endfacet
  facet normal 0.995183 0 -0.098039
    outer loop
      vertex 60.5961 0 17.6755
      vertex 60.5 2.4 16.7
      vertex 60.5961 2.4 17.6755
    endloop
  endfacet
  facet normal 0.995183 0 -0.098039
    outer loop
      vertex 60.5 2.4 16.7
      vertex 60.5961 0 17.6755
      vertex 60.5 0 16.7
    endloop
  endfacet
  facet normal 0.956943 -0 0.290276
    outer loop
      vertex 60.5961 0 15.7245
      vertex 60.8806 2.4 14.7866
      vertex 60.5961 2.4 15.7245
    endloop
  endfacet
  facet normal 0.956943 0 0.290276
    outer loop
      vertex 60.8806 2.4 14.7866
      vertex 60.5961 0 15.7245
      vertex 60.8806 0 14.7866
    endloop
  endfacet
  facet normal 0.881915 -0 0.471409
    outer loop
      vertex 60.8806 0 14.7866
      vertex 61.3427 2.4 13.9221
      vertex 60.8806 2.4 14.7866
    endloop
  endfacet
  facet normal 0.881915 0 0.471409
    outer loop
      vertex 61.3427 2.4 13.9221
      vertex 60.8806 0 14.7866
      vertex 61.3427 0 13.9221
    endloop
  endfacet
  facet normal 0 -0.471409 0.881915
    outer loop
      vertex 75.4 35.2779 12.5427
      vertex 77.8 34.4134 12.0806
      vertex 77.8 35.2779 12.5427
    endloop
  endfacet
  facet normal 0 -0.471409 0.881915
    outer loop
      vertex 77.8 34.4134 12.0806
      vertex 75.4 35.2779 12.5427
      vertex 75.4 34.4134 12.0806
    endloop
  endfacet
  facet normal -0 0.098039 0.995183
    outer loop
      vertex 75.4 32.5 11.7
      vertex 77.8 31.5245 11.7961
      vertex 77.8 32.5 11.7
    endloop
  endfacet
  facet normal 0 0.098039 0.995183
    outer loop
      vertex 77.8 31.5245 11.7961
      vertex 75.4 32.5 11.7
      vertex 75.4 31.5245 11.7961
    endloop
  endfacet
  facet normal 0 0.881915 -0.471409
    outer loop
      vertex 77.8 27.8806 18.6134
      vertex 75.4 28.3427 19.4779
      vertex 77.8 28.3427 19.4779
    endloop
  endfacet
  facet normal 0 0.881915 -0.471409
    outer loop
      vertex 75.4 28.3427 19.4779
      vertex 77.8 27.8806 18.6134
      vertex 75.4 27.8806 18.6134
    endloop
  endfacet
  facet normal 0 -0.098039 0.995183
    outer loop
      vertex 75.4 33.4755 11.7961
      vertex 77.8 32.5 11.7
      vertex 77.8 33.4755 11.7961
    endloop
  endfacet
  facet normal 0 -0.098039 0.995183
    outer loop
      vertex 77.8 32.5 11.7
      vertex 75.4 33.4755 11.7961
      vertex 75.4 32.5 11.7
    endloop
  endfacet
  facet normal 0 -0.956943 -0.290276
    outer loop
      vertex 75.4 37.4039 17.6755
      vertex 77.8 37.1194 18.6134
      vertex 75.4 37.1194 18.6134
    endloop
  endfacet
  facet normal 0 -0.956943 -0.290276
    outer loop
      vertex 77.8 37.1194 18.6134
      vertex 75.4 37.4039 17.6755
      vertex 77.8 37.4039 17.6755
    endloop
  endfacet
  facet normal 0 -0.956943 0.290276
    outer loop
      vertex 75.4 37.1194 14.7866
      vertex 77.8 37.4039 15.7245
      vertex 75.4 37.4039 15.7245
    endloop
  endfacet
  facet normal 0 -0.956943 0.290276
    outer loop
      vertex 77.8 37.4039 15.7245
      vertex 75.4 37.1194 14.7866
      vertex 77.8 37.1194 14.7866
    endloop
  endfacet
  facet normal 0 -0.772984 -0.634426
    outer loop
      vertex 75.4 36.6573 19.4779
      vertex 77.8 36.0355 20.2355
      vertex 75.4 36.0355 20.2355
    endloop
  endfacet
  facet normal 0 -0.772984 -0.634426
    outer loop
      vertex 77.8 36.0355 20.2355
      vertex 75.4 36.6573 19.4779
      vertex 77.8 36.6573 19.4779
    endloop
  endfacet
  facet normal 0 -0.881915 -0.471409
    outer loop
      vertex 75.4 37.1194 18.6134
      vertex 77.8 36.6573 19.4779
      vertex 75.4 36.6573 19.4779
    endloop
  endfacet
  facet normal 0 -0.881915 -0.471409
    outer loop
      vertex 77.8 36.6573 19.4779
      vertex 75.4 37.1194 18.6134
      vertex 77.8 37.1194 18.6134
    endloop
  endfacet
  facet normal 0 0.956943 -0.290276
    outer loop
      vertex 77.8 27.5961 17.6755
      vertex 75.4 27.8806 18.6134
      vertex 77.8 27.8806 18.6134
    endloop
  endfacet
  facet normal 0 0.956943 -0.290276
    outer loop
      vertex 75.4 27.8806 18.6134
      vertex 77.8 27.5961 17.6755
      vertex 75.4 27.5961 17.6755
    endloop
  endfacet
  facet normal -0 0.634426 0.772984
    outer loop
      vertex 75.4 29.7221 12.5427
      vertex 77.8 28.9645 13.1645
      vertex 77.8 29.7221 12.5427
    endloop
  endfacet
  facet normal 0 0.634426 0.772984
    outer loop
      vertex 77.8 28.9645 13.1645
      vertex 75.4 29.7221 12.5427
      vertex 75.4 28.9645 13.1645
    endloop
  endfacet
  facet normal 0 -0.290276 -0.956943
    outer loop
      vertex 75.4 33.4755 21.6039
      vertex 77.8 34.4134 21.3194
      vertex 77.8 33.4755 21.6039
    endloop
  endfacet
  facet normal -0 -0.290276 -0.956943
    outer loop
      vertex 77.8 34.4134 21.3194
      vertex 75.4 33.4755 21.6039
      vertex 75.4 34.4134 21.3194
    endloop
  endfacet
  facet normal -0 0.290276 0.956943
    outer loop
      vertex 75.4 31.5245 11.7961
      vertex 77.8 30.5866 12.0806
      vertex 77.8 31.5245 11.7961
    endloop
  endfacet
  facet normal 0 0.290276 0.956943
    outer loop
      vertex 77.8 30.5866 12.0806
      vertex 75.4 31.5245 11.7961
      vertex 75.4 30.5866 12.0806
    endloop
  endfacet
  facet normal 0 0.772984 -0.634426
    outer loop
      vertex 77.8 28.3427 19.4779
      vertex 75.4 28.9645 20.2355
      vertex 77.8 28.9645 20.2355
    endloop
  endfacet
  facet normal 0 0.772984 -0.634426
    outer loop
      vertex 75.4 28.9645 20.2355
      vertex 77.8 28.3427 19.4779
      vertex 75.4 28.3427 19.4779
    endloop
  endfacet
  facet normal 0 -0.634426 0.772984
    outer loop
      vertex 75.4 36.0355 13.1645
      vertex 77.8 35.2779 12.5427
      vertex 77.8 36.0355 13.1645
    endloop
  endfacet
  facet normal 0 -0.634426 0.772984
    outer loop
      vertex 77.8 35.2779 12.5427
      vertex 75.4 36.0355 13.1645
      vertex 75.4 35.2779 12.5427
    endloop
  endfacet
  facet normal 0 0.290276 -0.956943
    outer loop
      vertex 75.4 30.5866 21.3194
      vertex 77.8 31.5245 21.6039
      vertex 77.8 30.5866 21.3194
    endloop
  endfacet
  facet normal 0 0.290276 -0.956943
    outer loop
      vertex 77.8 31.5245 21.6039
      vertex 75.4 30.5866 21.3194
      vertex 75.4 31.5245 21.6039
    endloop
  endfacet
  facet normal 0 -0.290276 0.956943
    outer loop
      vertex 75.4 34.4134 12.0806
      vertex 77.8 33.4755 11.7961
      vertex 77.8 34.4134 12.0806
    endloop
  endfacet
  facet normal 0 -0.290276 0.956943
    outer loop
      vertex 77.8 33.4755 11.7961
      vertex 75.4 34.4134 12.0806
      vertex 75.4 33.4755 11.7961
    endloop
  endfacet
  facet normal 0 0.956943 0.290276
    outer loop
      vertex 77.8 27.8806 14.7866
      vertex 75.4 27.5961 15.7245
      vertex 77.8 27.5961 15.7245
    endloop
  endfacet
  facet normal 0 0.956943 0.290276
    outer loop
      vertex 75.4 27.5961 15.7245
      vertex 77.8 27.8806 14.7866
      vertex 75.4 27.8806 14.7866
    endloop
  endfacet
  facet normal 0 -0.995183 -0.098039
    outer loop
      vertex 75.4 37.5 16.7
      vertex 77.8 37.4039 17.6755
      vertex 75.4 37.4039 17.6755
    endloop
  endfacet
  facet normal 0 -0.995183 -0.098039
    outer loop
      vertex 77.8 37.4039 17.6755
      vertex 75.4 37.5 16.7
      vertex 77.8 37.5 16.7
    endloop
  endfacet
  facet normal 0 -0.772984 0.634426
    outer loop
      vertex 75.4 36.0355 13.1645
      vertex 77.8 36.6573 13.9221
      vertex 75.4 36.6573 13.9221
    endloop
  endfacet
  facet normal 0 -0.772984 0.634426
    outer loop
      vertex 77.8 36.6573 13.9221
      vertex 75.4 36.0355 13.1645
      vertex 77.8 36.0355 13.1645
    endloop
  endfacet
  facet normal 0 0.995183 0.098039
    outer loop
      vertex 77.8 27.5961 15.7245
      vertex 75.4 27.5 16.7
      vertex 77.8 27.5 16.7
    endloop
  endfacet
  facet normal 0 0.995183 0.098039
    outer loop
      vertex 75.4 27.5 16.7
      vertex 77.8 27.5961 15.7245
      vertex 75.4 27.5961 15.7245
    endloop
  endfacet
  facet normal 0 0.772984 0.634426
    outer loop
      vertex 77.8 28.9645 13.1645
      vertex 75.4 28.3427 13.9221
      vertex 77.8 28.3427 13.9221
    endloop
  endfacet
  facet normal 0 0.772984 0.634426
    outer loop
      vertex 75.4 28.3427 13.9221
      vertex 77.8 28.9645 13.1645
      vertex 75.4 28.9645 13.1645
    endloop
  endfacet
  facet normal -0 0.471409 0.881915
    outer loop
      vertex 75.4 30.5866 12.0806
      vertex 77.8 29.7221 12.5427
      vertex 77.8 30.5866 12.0806
    endloop
  endfacet
  facet normal 0 0.471409 0.881915
    outer loop
      vertex 77.8 29.7221 12.5427
      vertex 75.4 30.5866 12.0806
      vertex 75.4 29.7221 12.5427
    endloop
  endfacet
  facet normal 0 0.098039 -0.995183
    outer loop
      vertex 75.4 31.5245 21.6039
      vertex 77.8 32.5 21.7
      vertex 77.8 31.5245 21.6039
    endloop
  endfacet
  facet normal 0 0.098039 -0.995183
    outer loop
      vertex 77.8 32.5 21.7
      vertex 75.4 31.5245 21.6039
      vertex 75.4 32.5 21.7
    endloop
  endfacet
  facet normal 0 -0.881915 0.471409
    outer loop
      vertex 75.4 36.6573 13.9221
      vertex 77.8 37.1194 14.7866
      vertex 75.4 37.1194 14.7866
    endloop
  endfacet
  facet normal 0 -0.881915 0.471409
    outer loop
      vertex 77.8 37.1194 14.7866
      vertex 75.4 36.6573 13.9221
      vertex 77.8 36.6573 13.9221
    endloop
  endfacet
  facet normal 0 -0.471409 -0.881915
    outer loop
      vertex 75.4 34.4134 21.3194
      vertex 77.8 35.2779 20.8573
      vertex 77.8 34.4134 21.3194
    endloop
  endfacet
  facet normal -0 -0.471409 -0.881915
    outer loop
      vertex 77.8 35.2779 20.8573
      vertex 75.4 34.4134 21.3194
      vertex 75.4 35.2779 20.8573
    endloop
  endfacet
  facet normal 0 0.471409 -0.881915
    outer loop
      vertex 75.4 29.7221 20.8573
      vertex 77.8 30.5866 21.3194
      vertex 77.8 29.7221 20.8573
    endloop
  endfacet
  facet normal 0 0.471409 -0.881915
    outer loop
      vertex 77.8 30.5866 21.3194
      vertex 75.4 29.7221 20.8573
      vertex 75.4 30.5866 21.3194
    endloop
  endfacet
  facet normal 0 -0.634426 -0.772984
    outer loop
      vertex 75.4 35.2779 20.8573
      vertex 77.8 36.0355 20.2355
      vertex 77.8 35.2779 20.8573
    endloop
  endfacet
  facet normal -0 -0.634426 -0.772984
    outer loop
      vertex 77.8 36.0355 20.2355
      vertex 75.4 35.2779 20.8573
      vertex 75.4 36.0355 20.2355
    endloop
  endfacet
  facet normal 0 0.634426 -0.772984
    outer loop
      vertex 75.4 28.9645 20.2355
      vertex 77.8 29.7221 20.8573
      vertex 77.8 28.9645 20.2355
    endloop
  endfacet
  facet normal 0 0.634426 -0.772984
    outer loop
      vertex 77.8 29.7221 20.8573
      vertex 75.4 28.9645 20.2355
      vertex 75.4 29.7221 20.8573
    endloop
  endfacet
  facet normal 0 -0.098039 -0.995183
    outer loop
      vertex 75.4 32.5 21.7
      vertex 77.8 33.4755 21.6039
      vertex 77.8 32.5 21.7
    endloop
  endfacet
  facet normal -0 -0.098039 -0.995183
    outer loop
      vertex 77.8 33.4755 21.6039
      vertex 75.4 32.5 21.7
      vertex 75.4 33.4755 21.6039
    endloop
  endfacet
  facet normal 0 -0.995183 0.098039
    outer loop
      vertex 75.4 37.4039 15.7245
      vertex 77.8 37.5 16.7
      vertex 75.4 37.5 16.7
    endloop
  endfacet
  facet normal 0 -0.995183 0.098039
    outer loop
      vertex 77.8 37.5 16.7
      vertex 75.4 37.4039 15.7245
      vertex 77.8 37.4039 15.7245
    endloop
  endfacet
  facet normal 0 0.881915 0.471409
    outer loop
      vertex 77.8 28.3427 13.9221
      vertex 75.4 27.8806 14.7866
      vertex 77.8 27.8806 14.7866
    endloop
  endfacet
  facet normal 0 0.881915 0.471409
    outer loop
      vertex 75.4 27.8806 14.7866
      vertex 77.8 28.3427 13.9221
      vertex 75.4 28.3427 13.9221
    endloop
  endfacet
  facet normal 0 0.995183 -0.098039
    outer loop
      vertex 77.8 27.5 16.7
      vertex 75.4 27.5961 17.6755
      vertex 77.8 27.5961 17.6755
    endloop
  endfacet
  facet normal 0 0.995183 -0.098039
    outer loop
      vertex 75.4 27.5961 17.6755
      vertex 77.8 27.5 16.7
      vertex 75.4 27.5 16.7
    endloop
  endfacet
  facet normal 0 -1 0
    outer loop
      vertex 75.4 71.9 15
      vertex 77.8 71.9 19
      vertex 75.4 71.9 19
    endloop
  endfacet
  facet normal 0 -1 -0
    outer loop
      vertex 77.8 71.9 19
      vertex 75.4 71.9 15
      vertex 77.8 71.9 15
    endloop
  endfacet
  facet normal 0 0.991456 0.130445
    outer loop
      vertex 77.8 51.9681 14.4824
      vertex 75.4 51.9 15
      vertex 77.8 51.9 15
    endloop
  endfacet
  facet normal 0 0.991456 0.130445
    outer loop
      vertex 75.4 51.9 15
      vertex 77.8 51.9681 14.4824
      vertex 75.4 51.9681 14.4824
    endloop
  endfacet
  facet normal 0 -0.991431 -0.130633
    outer loop
      vertex 75.4 71.9 19
      vertex 77.8 71.8318 19.5176
      vertex 75.4 71.8318 19.5176
    endloop
  endfacet
  facet normal 0 -0.991431 -0.130633
    outer loop
      vertex 77.8 71.8318 19.5176
      vertex 75.4 71.9 19
      vertex 77.8 71.9 19
    endloop
  endfacet
  facet normal 0 -0.608729 -0.793378
    outer loop
      vertex 75.4 70.9 20.732
      vertex 77.8 71.3142 20.4142
      vertex 77.8 70.9 20.732
    endloop
  endfacet
  facet normal -0 -0.608729 -0.793378
    outer loop
      vertex 77.8 71.3142 20.4142
      vertex 75.4 70.9 20.732
      vertex 75.4 71.3142 20.4142
    endloop
  endfacet
  facet normal 0 -0.38282 -0.923823
    outer loop
      vertex 75.4 70.4176 20.9319
      vertex 77.8 70.9 20.732
      vertex 77.8 70.4176 20.9319
    endloop
  endfacet
  facet normal -0 -0.38282 -0.923823
    outer loop
      vertex 77.8 70.9 20.732
      vertex 75.4 70.4176 20.9319
      vertex 75.4 70.9 20.732
    endloop
  endfacet
  facet normal 0 0.608729 -0.793378
    outer loop
      vertex 75.4 52.4858 20.4142
      vertex 77.8 52.9 20.732
      vertex 77.8 52.4858 20.4142
    endloop
  endfacet
  facet normal 0 0.608729 -0.793378
    outer loop
      vertex 77.8 52.9 20.732
      vertex 75.4 52.4858 20.4142
      vertex 75.4 52.9 20.732
    endloop
  endfacet
  facet normal -0 0 1
    outer loop
      vertex 75.4 69.9 13
      vertex 77.8 53.9 13
      vertex 77.8 69.9 13
    endloop
  endfacet
  facet normal 0 0 1
    outer loop
      vertex 77.8 53.9 13
      vertex 75.4 69.9 13
      vertex 75.4 53.9 13
    endloop
  endfacet
  facet normal 0 -0.382656 0.923891
    outer loop
      vertex 75.4 70.9 13.2679
      vertex 77.8 70.4176 13.0681
      vertex 77.8 70.9 13.2679
    endloop
  endfacet
  facet normal 0 -0.382656 0.923891
    outer loop
      vertex 77.8 70.4176 13.0681
      vertex 75.4 70.9 13.2679
      vertex 75.4 70.4176 13.0681
    endloop
  endfacet
  facet normal 0 -0.60885 0.793286
    outer loop
      vertex 75.4 71.3142 13.5858
      vertex 77.8 70.9 13.2679
      vertex 77.8 71.3142 13.5858
    endloop
  endfacet
  facet normal 0 -0.60885 0.793286
    outer loop
      vertex 77.8 70.9 13.2679
      vertex 75.4 71.3142 13.5858
      vertex 75.4 70.9 13.2679
    endloop
  endfacet
  facet normal 0 0.130445 -0.991456
    outer loop
      vertex 75.4 53.3824 20.9319
      vertex 77.8 53.9 21
      vertex 77.8 53.3824 20.9319
    endloop
  endfacet
  facet normal 0 0.130445 -0.991456
    outer loop
      vertex 77.8 53.9 21
      vertex 75.4 53.3824 20.9319
      vertex 75.4 53.9 21
    endloop
  endfacet
  facet normal -0 0.130445 0.991456
    outer loop
      vertex 75.4 53.9 13
      vertex 77.8 53.3824 13.0681
      vertex 77.8 53.9 13
    endloop
  endfacet
  facet normal 0 0.130445 0.991456
    outer loop
      vertex 77.8 53.3824 13.0681
      vertex 75.4 53.9 13
      vertex 75.4 53.3824 13.0681
    endloop
  endfacet
  facet normal 0 0 -1
    outer loop
      vertex 75.4 53.9 21
      vertex 77.8 69.9 21
      vertex 77.8 53.9 21
    endloop
  endfacet
  facet normal -0 0 -1
    outer loop
      vertex 77.8 69.9 21
      vertex 75.4 53.9 21
      vertex 75.4 69.9 21
    endloop
  endfacet
  facet normal 0 0.793286 -0.60885
    outer loop
      vertex 77.8 52.1679 20
      vertex 75.4 52.4858 20.4142
      vertex 77.8 52.4858 20.4142
    endloop
  endfacet
  facet normal 0 0.793286 -0.60885
    outer loop
      vertex 75.4 52.4858 20.4142
      vertex 77.8 52.1679 20
      vertex 75.4 52.1679 20
    endloop
  endfacet
  facet normal 0 -0.130445 -0.991456
    outer loop
      vertex 75.4 69.9 21
      vertex 77.8 70.4176 20.9319
      vertex 77.8 69.9 21
    endloop
  endfacet
  facet normal -0 -0.130445 -0.991456
    outer loop
      vertex 77.8 70.4176 20.9319
      vertex 75.4 69.9 21
      vertex 75.4 70.4176 20.9319
    endloop
  endfacet
  facet normal 0 -0.923891 -0.382656
    outer loop
      vertex 75.4 71.8318 19.5176
      vertex 77.8 71.632 20
      vertex 75.4 71.632 20
    endloop
  endfacet
  facet normal 0 -0.923891 -0.382656
    outer loop
      vertex 77.8 71.632 20
      vertex 75.4 71.8318 19.5176
      vertex 77.8 71.8318 19.5176
    endloop
  endfacet
  facet normal 0 0.793286 0.60885
    outer loop
      vertex 77.8 52.4858 13.5858
      vertex 75.4 52.1679 14
      vertex 77.8 52.1679 14
    endloop
  endfacet
  facet normal 0 0.793286 0.60885
    outer loop
      vertex 75.4 52.1679 14
      vertex 77.8 52.4858 13.5858
      vertex 75.4 52.4858 13.5858
    endloop
  endfacet
  facet normal 0 0.38282 -0.923823
    outer loop
      vertex 75.4 52.9 20.732
      vertex 77.8 53.3824 20.9319
      vertex 77.8 52.9 20.732
    endloop
  endfacet
  facet normal 0 0.38282 -0.923823
    outer loop
      vertex 77.8 53.3824 20.9319
      vertex 75.4 52.9 20.732
      vertex 75.4 53.3824 20.9319
    endloop
  endfacet
  facet normal 0 0.923891 0.382656
    outer loop
      vertex 77.8 52.1679 14
      vertex 75.4 51.9681 14.4824
      vertex 77.8 51.9681 14.4824
    endloop
  endfacet
  facet normal 0 0.923891 0.382656
    outer loop
      vertex 75.4 51.9681 14.4824
      vertex 77.8 52.1679 14
      vertex 75.4 52.1679 14
    endloop
  endfacet
  facet normal 0 -0.130445 0.991456
    outer loop
      vertex 75.4 70.4176 13.0681
      vertex 77.8 69.9 13
      vertex 77.8 70.4176 13.0681
    endloop
  endfacet
  facet normal 0 -0.130445 0.991456
    outer loop
      vertex 77.8 69.9 13
      vertex 75.4 70.4176 13.0681
      vertex 75.4 69.9 13
    endloop
  endfacet
  facet normal 0 0.991456 -0.130445
    outer loop
      vertex 77.8 51.9 19
      vertex 75.4 51.9681 19.5176
      vertex 77.8 51.9681 19.5176
    endloop
  endfacet
  facet normal 0 0.991456 -0.130445
    outer loop
      vertex 75.4 51.9681 19.5176
      vertex 77.8 51.9 19
      vertex 75.4 51.9 19
    endloop
  endfacet
  facet normal 0 1 -0
    outer loop
      vertex 77.8 51.9 15
      vertex 75.4 51.9 19
      vertex 77.8 51.9 19
    endloop
  endfacet
  facet normal 0 1 0
    outer loop
      vertex 75.4 51.9 19
      vertex 77.8 51.9 15
      vertex 75.4 51.9 15
    endloop
  endfacet
  facet normal 0 0.923891 -0.382656
    outer loop
      vertex 77.8 51.9681 19.5176
      vertex 75.4 52.1679 20
      vertex 77.8 52.1679 20
    endloop
  endfacet
  facet normal 0 0.923891 -0.382656
    outer loop
      vertex 75.4 52.1679 20
      vertex 77.8 51.9681 19.5176
      vertex 75.4 51.9681 19.5176
    endloop
  endfacet
  facet normal 0 -0.923891 0.382656
    outer loop
      vertex 75.4 71.632 14
      vertex 77.8 71.8318 14.4824
      vertex 75.4 71.8318 14.4824
    endloop
  endfacet
  facet normal 0 -0.923891 0.382656
    outer loop
      vertex 77.8 71.8318 14.4824
      vertex 75.4 71.632 14
      vertex 77.8 71.632 14
    endloop
  endfacet
  facet normal 0 -0.991431 0.130633
    outer loop
      vertex 75.4 71.8318 14.4824
      vertex 77.8 71.9 15
      vertex 75.4 71.9 15
    endloop
  endfacet
  facet normal 0 -0.991431 0.130633
    outer loop
      vertex 77.8 71.9 15
      vertex 75.4 71.8318 14.4824
      vertex 77.8 71.8318 14.4824
    endloop
  endfacet
  facet normal 0 -0.793378 -0.608729
    outer loop
      vertex 75.4 71.632 20
      vertex 77.8 71.3142 20.4142
      vertex 75.4 71.3142 20.4142
    endloop
  endfacet
  facet normal 0 -0.793378 -0.608729
    outer loop
      vertex 77.8 71.3142 20.4142
      vertex 75.4 71.632 20
      vertex 77.8 71.632 20
    endloop
  endfacet
  facet normal -0 0.60885 0.793286
    outer loop
      vertex 75.4 52.9 13.2679
      vertex 77.8 52.4858 13.5858
      vertex 77.8 52.9 13.2679
    endloop
  endfacet
  facet normal 0 0.60885 0.793286
    outer loop
      vertex 77.8 52.4858 13.5858
      vertex 75.4 52.9 13.2679
      vertex 75.4 52.4858 13.5858
    endloop
  endfacet
  facet normal -0 0.382656 0.923891
    outer loop
      vertex 75.4 53.3824 13.0681
      vertex 77.8 52.9 13.2679
      vertex 77.8 53.3824 13.0681
    endloop
  endfacet
  facet normal 0 0.382656 0.923891
    outer loop
      vertex 77.8 52.9 13.2679
      vertex 75.4 53.3824 13.0681
      vertex 75.4 52.9 13.2679
    endloop
  endfacet
  facet normal 0 -0.793378 0.608729
    outer loop
      vertex 75.4 71.3142 13.5858
      vertex 77.8 71.632 14
      vertex 75.4 71.632 14
    endloop
  endfacet
  facet normal 0 -0.793378 0.608729
    outer loop
      vertex 77.8 71.632 14
      vertex 75.4 71.3142 13.5858
      vertex 77.8 71.3142 13.5858
    endloop
  endfacet
  facet normal 0.471345 0.881949 -0
    outer loop
      vertex 10.1223 11.2259 2.4
      vertex 9.43073 11.5955 10.4
      vertex 10.1223 11.2259 10.4
    endloop
  endfacet
  facet normal 0.471345 0.881949 0
    outer loop
      vertex 9.43073 11.5955 10.4
      vertex 10.1223 11.2259 2.4
      vertex 9.43073 11.5955 2.4
    endloop
  endfacet
  facet normal 0.956948 0.290259 0
    outer loop
      vertex 11.8231 8.68036 10.4
      vertex 11.5955 9.43073 2.4
      vertex 11.5955 9.43073 10.4
    endloop
  endfacet
  facet normal 0.956948 0.290259 0
    outer loop
      vertex 11.5955 9.43073 2.4
      vertex 11.8231 8.68036 10.4
      vertex 11.8231 8.68036 2.4
    endloop
  endfacet
  facet normal 0.99518 0.0980692 0
    outer loop
      vertex 11.9 7.9 10.4
      vertex 11.8231 8.68036 2.4
      vertex 11.8231 8.68036 10.4
    endloop
  endfacet
  facet normal 0.99518 0.0980692 0
    outer loop
      vertex 11.8231 8.68036 2.4
      vertex 11.9 7.9 10.4
      vertex 11.9 7.9 2.4
    endloop
  endfacet
  facet normal 0.881949 0.471345 0
    outer loop
      vertex 11.5955 9.43073 10.4
      vertex 11.2259 10.1223 2.4
      vertex 11.2259 10.1223 10.4
    endloop
  endfacet
  facet normal 0.881949 0.471345 0
    outer loop
      vertex 11.2259 10.1223 2.4
      vertex 11.5955 9.43073 10.4
      vertex 11.5955 9.43073 2.4
    endloop
  endfacet
  facet normal 0.0980692 0.99518 -0
    outer loop
      vertex 8.68036 11.8231 2.4
      vertex 7.9 11.9 10.4
      vertex 8.68036 11.8231 10.4
    endloop
  endfacet
  facet normal 0.0980692 0.99518 0
    outer loop
      vertex 7.9 11.9 10.4
      vertex 8.68036 11.8231 2.4
      vertex 7.9 11.9 2.4
    endloop
  endfacet
  facet normal 0.0980187 -0.995185 0
    outer loop
      vertex 7.9 3.9 2.4
      vertex 8.68036 3.97686 10.4
      vertex 7.9 3.9 10.4
    endloop
  endfacet
  facet normal 0.0980187 -0.995185 0
    outer loop
      vertex 8.68036 3.97686 10.4
      vertex 7.9 3.9 2.4
      vertex 8.68036 3.97686 2.4
    endloop
  endfacet
  facet normal 0.290259 0.956948 -0
    outer loop
      vertex 9.43073 11.5955 2.4
      vertex 8.68036 11.8231 10.4
      vertex 9.43073 11.5955 10.4
    endloop
  endfacet
  facet normal 0.290259 0.956948 0
    outer loop
      vertex 8.68036 11.8231 10.4
      vertex 9.43073 11.5955 2.4
      vertex 8.68036 11.8231 2.4
    endloop
  endfacet
  facet normal 0.634459 0.772956 -0
    outer loop
      vertex 10.7284 10.7284 2.4
      vertex 10.1223 11.2259 10.4
      vertex 10.7284 10.7284 10.4
    endloop
  endfacet
  facet normal 0.634459 0.772956 0
    outer loop
      vertex 10.1223 11.2259 10.4
      vertex 10.7284 10.7284 2.4
      vertex 10.1223 11.2259 2.4
    endloop
  endfacet
  facet normal 0.772982 -0.634428 0
    outer loop
      vertex 10.7284 5.07157 10.4
      vertex 11.2259 5.67772 2.4
      vertex 11.2259 5.67772 10.4
    endloop
  endfacet
  facet normal 0.772982 -0.634428 0
    outer loop
      vertex 11.2259 5.67772 2.4
      vertex 10.7284 5.07157 10.4
      vertex 10.7284 5.07157 2.4
    endloop
  endfacet
  facet normal -0.634428 0.772982 0
    outer loop
      vertex 5.67772 11.2259 2.4
      vertex 5.07157 10.7284 10.4
      vertex 5.67772 11.2259 10.4
    endloop
  endfacet
  facet normal -0.634428 0.772982 0
    outer loop
      vertex 5.07157 10.7284 10.4
      vertex 5.67772 11.2259 2.4
      vertex 5.07157 10.7284 2.4
    endloop
  endfacet
  facet normal 0.471385 -0.881928 0
    outer loop
      vertex 9.43073 4.20448 2.4
      vertex 10.1223 4.57412 10.4
      vertex 9.43073 4.20448 10.4
    endloop
  endfacet
  facet normal 0.471385 -0.881928 0
    outer loop
      vertex 10.1223 4.57412 10.4
      vertex 9.43073 4.20448 2.4
      vertex 10.1223 4.57412 2.4
    endloop
  endfacet
  facet normal -0.881922 -0.471396 0
    outer loop
      vertex 4.57412 5.67772 2.4
      vertex 4.20448 6.36927 10.4
      vertex 4.20448 6.36927 2.4
    endloop
  endfacet
  facet normal -0.881922 -0.471396 0
    outer loop
      vertex 4.20448 6.36927 10.4
      vertex 4.57412 5.67772 2.4
      vertex 4.57412 5.67772 10.4
    endloop
  endfacet
  facet normal 0.99518 -0.0980692 0
    outer loop
      vertex 11.8231 7.11964 10.4
      vertex 11.9 7.9 2.4
      vertex 11.9 7.9 10.4
    endloop
  endfacet
  facet normal 0.99518 -0.0980692 0
    outer loop
      vertex 11.9 7.9 2.4
      vertex 11.8231 7.11964 10.4
      vertex 11.8231 7.11964 2.4
    endloop
  endfacet
  facet normal -0.290259 0.956948 0
    outer loop
      vertex 7.11964 11.8231 2.4
      vertex 6.36927 11.5955 10.4
      vertex 7.11964 11.8231 10.4
    endloop
  endfacet
  facet normal -0.290259 0.956948 0
    outer loop
      vertex 6.36927 11.5955 10.4
      vertex 7.11964 11.8231 2.4
      vertex 6.36927 11.5955 2.4
    endloop
  endfacet
  facet normal -0.0980187 -0.995185 0
    outer loop
      vertex 7.11964 3.97686 2.4
      vertex 7.9 3.9 10.4
      vertex 7.11964 3.97686 10.4
    endloop
  endfacet
  facet normal -0.0980187 -0.995185 -0
    outer loop
      vertex 7.9 3.9 10.4
      vertex 7.11964 3.97686 2.4
      vertex 7.9 3.9 2.4
    endloop
  endfacet
  facet normal 0 0 -1
    outer loop
      vertex 11.8231 7.11964 2.4
      vertex 11.8231 8.68036 2.4
      vertex 11.9 7.9 2.4
    endloop
  endfacet
  facet normal 0 0 -1
    outer loop
      vertex 11.5955 6.36927 2.4
      vertex 11.8231 8.68036 2.4
      vertex 11.8231 7.11964 2.4
    endloop
  endfacet
  facet normal 0 0 -1
    outer loop
      vertex 11.5955 6.36927 2.4
      vertex 11.5955 9.43073 2.4
      vertex 11.8231 8.68036 2.4
    endloop
  endfacet
  facet normal 0 0 -1
    outer loop
      vertex 11.2259 5.67772 2.4
      vertex 11.5955 9.43073 2.4
      vertex 11.5955 6.36927 2.4
    endloop
  endfacet
  facet normal 0 0 -1
    outer loop
      vertex 11.2259 5.67772 2.4
      vertex 11.2259 10.1223 2.4
      vertex 11.5955 9.43073 2.4
    endloop
  endfacet
  facet normal 0 0 -1
    outer loop
      vertex 10.7284 5.07157 2.4
      vertex 11.2259 10.1223 2.4
      vertex 11.2259 5.67772 2.4
    endloop
  endfacet
  facet normal 0 0 -1
    outer loop
      vertex 10.7284 5.07157 2.4
      vertex 10.7284 10.7284 2.4
      vertex 11.2259 10.1223 2.4
    endloop
  endfacet
  facet normal 0 0 -1
    outer loop
      vertex 10.1223 4.57412 2.4
      vertex 10.7284 10.7284 2.4
      vertex 10.7284 5.07157 2.4
    endloop
  endfacet
  facet normal 0 0 -1
    outer loop
      vertex 10.1223 4.57412 2.4
      vertex 10.1223 11.2259 2.4
      vertex 10.7284 10.7284 2.4
    endloop
  endfacet
  facet normal 0 0 -1
    outer loop
      vertex 9.43073 4.20448 2.4
      vertex 10.1223 11.2259 2.4
      vertex 10.1223 4.57412 2.4
    endloop
  endfacet
  facet normal 0 0 -1
    outer loop
      vertex 9.43073 4.20448 2.4
      vertex 9.43073 11.5955 2.4
      vertex 10.1223 11.2259 2.4
    endloop
  endfacet
  facet normal 0 0 -1
    outer loop
      vertex 8.68036 3.97686 2.4
      vertex 9.43073 11.5955 2.4
      vertex 9.43073 4.20448 2.4
    endloop
  endfacet
  facet normal 0 0 -1
    outer loop
      vertex 8.68036 3.97686 2.4
      vertex 8.68036 11.8231 2.4
      vertex 9.43073 11.5955 2.4
    endloop
  endfacet
  facet normal 0 0 -1
    outer loop
      vertex 7.9 3.9 2.4
      vertex 8.68036 11.8231 2.4
      vertex 8.68036 3.97686 2.4
    endloop
  endfacet
  facet normal 0 0 -1
    outer loop
      vertex 7.9 3.9 2.4
      vertex 7.9 11.9 2.4
      vertex 8.68036 11.8231 2.4
    endloop
  endfacet
  facet normal 0 0 -1
    outer loop
      vertex 7.11964 3.97686 2.4
      vertex 7.9 11.9 2.4
      vertex 7.9 3.9 2.4
    endloop
  endfacet
  facet normal 0 0 -1
    outer loop
      vertex 7.11964 3.97686 2.4
      vertex 7.11964 11.8231 2.4
      vertex 7.9 11.9 2.4
    endloop
  endfacet
  facet normal 0 0 -1
    outer loop
      vertex 6.36927 4.20448 2.4
      vertex 7.11964 11.8231 2.4
      vertex 7.11964 3.97686 2.4
    endloop
  endfacet
  facet normal 0 0 -1
    outer loop
      vertex 6.36927 4.20448 2.4
      vertex 6.36927 11.5955 2.4
      vertex 7.11964 11.8231 2.4
    endloop
  endfacet
  facet normal 0 0 -1
    outer loop
      vertex 5.67772 4.57412 2.4
      vertex 6.36927 11.5955 2.4
      vertex 6.36927 4.20448 2.4
    endloop
  endfacet
  facet normal 0 0 -1
    outer loop
      vertex 5.67772 4.57412 2.4
      vertex 5.67772 11.2259 2.4
      vertex 6.36927 11.5955 2.4
    endloop
  endfacet
  facet normal 0 0 -1
    outer loop
      vertex 5.07157 5.07157 2.4
      vertex 5.67772 11.2259 2.4
      vertex 5.67772 4.57412 2.4
    endloop
  endfacet
  facet normal 0 0 -1
    outer loop
      vertex 5.07157 5.07157 2.4
      vertex 5.07157 10.7284 2.4
      vertex 5.67772 11.2259 2.4
    endloop
  endfacet
  facet normal 0 0 -1
    outer loop
      vertex 4.57412 5.67772 2.4
      vertex 5.07157 10.7284 2.4
      vertex 5.07157 5.07157 2.4
    endloop
  endfacet
  facet normal 0 0 -1
    outer loop
      vertex 4.57412 5.67772 2.4
      vertex 4.57412 10.1223 2.4
      vertex 5.07157 10.7284 2.4
    endloop
  endfacet
  facet normal 0 0 -1
    outer loop
      vertex 4.20448 6.36927 2.4
      vertex 4.57412 10.1223 2.4
      vertex 4.57412 5.67772 2.4
    endloop
  endfacet
  facet normal 0 0 -1
    outer loop
      vertex 4.20448 6.36927 2.4
      vertex 4.20448 9.43073 2.4
      vertex 4.57412 10.1223 2.4
    endloop
  endfacet
  facet normal 0 0 -1
    outer loop
      vertex 3.97686 7.11964 2.4
      vertex 4.20448 9.43073 2.4
      vertex 4.20448 6.36927 2.4
    endloop
  endfacet
  facet normal 0 0 -1
    outer loop
      vertex 3.97686 7.11964 2.4
      vertex 3.97686 8.68036 2.4
      vertex 4.20448 9.43073 2.4
    endloop
  endfacet
  facet normal 0 -0 -1
    outer loop
      vertex 3.97686 8.68036 2.4
      vertex 3.97686 7.11964 2.4
      vertex 3.9 7.9 2.4
    endloop
  endfacet
  facet normal -0.881928 0.471385 0
    outer loop
      vertex 4.20448 9.43073 2.4
      vertex 4.57412 10.1223 10.4
      vertex 4.57412 10.1223 2.4
    endloop
  endfacet
  facet normal -0.881928 0.471385 0
    outer loop
      vertex 4.57412 10.1223 10.4
      vertex 4.20448 9.43073 2.4
      vertex 4.20448 9.43073 10.4
    endloop
  endfacet
  facet normal 0.290282 -0.956941 0
    outer loop
      vertex 8.68036 3.97686 2.4
      vertex 9.43073 4.20448 10.4
      vertex 8.68036 3.97686 10.4
    endloop
  endfacet
  facet normal 0.290282 -0.956941 0
    outer loop
      vertex 9.43073 4.20448 10.4
      vertex 8.68036 3.97686 2.4
      vertex 9.43073 4.20448 2.4
    endloop
  endfacet
  facet normal 0 0 1
    outer loop
      vertex 10 7.9 10.4
      vertex 11.9 7.9 10.4
      vertex 11.8231 8.68036 10.4
    endloop
  endfacet
  facet normal 0 0 1
    outer loop
      vertex 9.92844 8.44352 10.4
      vertex 11.8231 8.68036 10.4
      vertex 11.5955 9.43073 10.4
    endloop
  endfacet
  facet normal 0 0 1
    outer loop
      vertex 11.9 7.9 10.4
      vertex 10 7.9 10.4
      vertex 11.8231 7.11964 10.4
    endloop
  endfacet
  facet normal 0 0 1
    outer loop
      vertex 9.71865 8.95 10.4
      vertex 11.5955 9.43073 10.4
      vertex 11.2259 10.1223 10.4
    endloop
  endfacet
  facet normal -0 0 1
    outer loop
      vertex 9.92844 7.35648 10.4
      vertex 11.8231 7.11964 10.4
      vertex 10 7.9 10.4
    endloop
  endfacet
  facet normal 0 0 1
    outer loop
      vertex 9.38492 9.38492 10.4
      vertex 11.2259 10.1223 10.4
      vertex 10.7284 10.7284 10.4
    endloop
  endfacet
  facet normal 0 0 1
    outer loop
      vertex 11.8231 7.11964 10.4
      vertex 9.92844 7.35648 10.4
      vertex 11.5955 6.36927 10.4
    endloop
  endfacet
  facet normal 0 0 1
    outer loop
      vertex 9.38492 9.38492 10.4
      vertex 10.7284 10.7284 10.4
      vertex 10.1223 11.2259 10.4
    endloop
  endfacet
  facet normal -0 0 1
    outer loop
      vertex 9.71865 6.85 10.4
      vertex 11.5955 6.36927 10.4
      vertex 9.92844 7.35648 10.4
    endloop
  endfacet
  facet normal 0 0 1
    outer loop
      vertex 11.5955 6.36927 10.4
      vertex 9.71865 6.85 10.4
      vertex 11.2259 5.67772 10.4
    endloop
  endfacet
  facet normal 0 0 1
    outer loop
      vertex 11.8231 8.68036 10.4
      vertex 9.92844 8.44352 10.4
      vertex 10 7.9 10.4
    endloop
  endfacet
  facet normal 0 0 1
    outer loop
      vertex 11.5955 9.43073 10.4
      vertex 9.71865 8.95 10.4
      vertex 9.92844 8.44352 10.4
    endloop
  endfacet
  facet normal 0 0 1
    outer loop
      vertex 8.95 9.71865 10.4
      vertex 10.1223 11.2259 10.4
      vertex 9.43073 11.5955 10.4
    endloop
  endfacet
  facet normal 0 0 1
    outer loop
      vertex 11.2259 10.1223 10.4
      vertex 9.38492 9.38492 10.4
      vertex 9.71865 8.95 10.4
    endloop
  endfacet
  facet normal 0 0 1
    outer loop
      vertex 10.1223 11.2259 10.4
      vertex 8.95 9.71865 10.4
      vertex 9.38492 9.38492 10.4
    endloop
  endfacet
  facet normal 0 0 1
    outer loop
      vertex 8.44352 9.92844 10.4
      vertex 9.43073 11.5955 10.4
      vertex 8.68036 11.8231 10.4
    endloop
  endfacet
  facet normal 0 0 1
    outer loop
      vertex 9.43073 11.5955 10.4
      vertex 8.44352 9.92844 10.4
      vertex 8.95 9.71865 10.4
    endloop
  endfacet
  facet normal 0 0 1
    outer loop
      vertex 7.9 10 10.4
      vertex 8.68036 11.8231 10.4
      vertex 7.9 11.9 10.4
    endloop
  endfacet
  facet normal 0 0 1
    outer loop
      vertex 8.68036 11.8231 10.4
      vertex 7.9 10 10.4
      vertex 8.44352 9.92844 10.4
    endloop
  endfacet
  facet normal -0 0 1
    outer loop
      vertex 7.11964 11.8231 10.4
      vertex 7.9 10 10.4
      vertex 7.9 11.9 10.4
    endloop
  endfacet
  facet normal 0 0 1
    outer loop
      vertex 7.9 10 10.4
      vertex 7.11964 11.8231 10.4
      vertex 7.35648 9.92844 10.4
    endloop
  endfacet
  facet normal -0 0 1
    outer loop
      vertex 6.36927 11.5955 10.4
      vertex 7.35648 9.92844 10.4
      vertex 7.11964 11.8231 10.4
    endloop
  endfacet
  facet normal 0 0 1
    outer loop
      vertex 7.35648 9.92844 10.4
      vertex 6.36927 11.5955 10.4
      vertex 6.85 9.71865 10.4
    endloop
  endfacet
  facet normal -0 0 1
    outer loop
      vertex 5.67772 11.2259 10.4
      vertex 6.85 9.71865 10.4
      vertex 6.36927 11.5955 10.4
    endloop
  endfacet
  facet normal 0 0 1
    outer loop
      vertex 6.85 9.71865 10.4
      vertex 5.67772 11.2259 10.4
      vertex 6.41508 9.38492 10.4
    endloop
  endfacet
  facet normal -0 0 1
    outer loop
      vertex 5.07157 10.7284 10.4
      vertex 6.41508 9.38492 10.4
      vertex 5.67772 11.2259 10.4
    endloop
  endfacet
  facet normal 0 0 1
    outer loop
      vertex 6.41508 9.38492 10.4
      vertex 4.57412 10.1223 10.4
      vertex 6.08135 8.95 10.4
    endloop
  endfacet
  facet normal -0 0 1
    outer loop
      vertex 4.57412 10.1223 10.4
      vertex 6.41508 9.38492 10.4
      vertex 5.07157 10.7284 10.4
    endloop
  endfacet
  facet normal -0 0 1
    outer loop
      vertex 9.38492 6.41508 10.4
      vertex 11.2259 5.67772 10.4
      vertex 9.71865 6.85 10.4
    endloop
  endfacet
  facet normal 0 0 1
    outer loop
      vertex 11.2259 5.67772 10.4
      vertex 9.38492 6.41508 10.4
      vertex 10.7284 5.07157 10.4
    endloop
  endfacet
  facet normal 0 0 1
    outer loop
      vertex 10.7284 5.07157 10.4
      vertex 9.38492 6.41508 10.4
      vertex 10.1223 4.57412 10.4
    endloop
  endfacet
  facet normal -0 0 1
    outer loop
      vertex 8.95 6.08135 10.4
      vertex 10.1223 4.57412 10.4
      vertex 9.38492 6.41508 10.4
    endloop
  endfacet
  facet normal 0 0 1
    outer loop
      vertex 10.1223 4.57412 10.4
      vertex 8.95 6.08135 10.4
      vertex 9.43073 4.20448 10.4
    endloop
  endfacet
  facet normal -0 0 1
    outer loop
      vertex 8.44352 5.87156 10.4
      vertex 9.43073 4.20448 10.4
      vertex 8.95 6.08135 10.4
    endloop
  endfacet
  facet normal 0 0 1
    outer loop
      vertex 9.43073 4.20448 10.4
      vertex 8.44352 5.87156 10.4
      vertex 8.68036 3.97686 10.4
    endloop
  endfacet
  facet normal -0 0 1
    outer loop
      vertex 7.9 5.8 10.4
      vertex 8.68036 3.97686 10.4
      vertex 8.44352 5.87156 10.4
    endloop
  endfacet
  facet normal 0 0 1
    outer loop
      vertex 7.9 5.8 10.4
      vertex 7.9 3.9 10.4
      vertex 8.68036 3.97686 10.4
    endloop
  endfacet
  facet normal 0 0 1
    outer loop
      vertex 7.11964 3.97686 10.4
      vertex 7.9 5.8 10.4
      vertex 7.35648 5.87156 10.4
    endloop
  endfacet
  facet normal 0 0 1
    outer loop
      vertex 7.9 5.8 10.4
      vertex 7.11964 3.97686 10.4
      vertex 7.9 3.9 10.4
    endloop
  endfacet
  facet normal 0 0 1
    outer loop
      vertex 6.36927 4.20448 10.4
      vertex 7.35648 5.87156 10.4
      vertex 6.85 6.08135 10.4
    endloop
  endfacet
  facet normal 0 0 1
    outer loop
      vertex 5.67772 4.57412 10.4
      vertex 6.85 6.08135 10.4
      vertex 6.41508 6.41508 10.4
    endloop
  endfacet
  facet normal 0 0 1
    outer loop
      vertex 7.35648 5.87156 10.4
      vertex 6.36927 4.20448 10.4
      vertex 7.11964 3.97686 10.4
    endloop
  endfacet
  facet normal 0 0 1
    outer loop
      vertex 4.57412 5.67772 10.4
      vertex 6.41508 6.41508 10.4
      vertex 6.08135 6.85 10.4
    endloop
  endfacet
  facet normal 0 0 1
    outer loop
      vertex 4.20448 6.36927 10.4
      vertex 6.08135 6.85 10.4
      vertex 5.87156 7.35648 10.4
    endloop
  endfacet
  facet normal 0 0 1
    outer loop
      vertex 6.85 6.08135 10.4
      vertex 5.67772 4.57412 10.4
      vertex 6.36927 4.20448 10.4
    endloop
  endfacet
  facet normal 0 0 1
    outer loop
      vertex 3.97686 7.11964 10.4
      vertex 5.87156 7.35648 10.4
      vertex 5.8 7.9 10.4
    endloop
  endfacet
  facet normal -0 0 1
    outer loop
      vertex 4.20448 9.43073 10.4
      vertex 6.08135 8.95 10.4
      vertex 4.57412 10.1223 10.4
    endloop
  endfacet
  facet normal 0 0 1
    outer loop
      vertex 6.08135 8.95 10.4
      vertex 4.20448 9.43073 10.4
      vertex 5.87156 8.44352 10.4
    endloop
  endfacet
  facet normal 0 0 1
    outer loop
      vertex 6.41508 6.41508 10.4
      vertex 5.07157 5.07157 10.4
      vertex 5.67772 4.57412 10.4
    endloop
  endfacet
  facet normal -0 0 1
    outer loop
      vertex 3.97686 8.68036 10.4
      vertex 5.87156 8.44352 10.4
      vertex 4.20448 9.43073 10.4
    endloop
  endfacet
  facet normal 0 0 1
    outer loop
      vertex 6.41508 6.41508 10.4
      vertex 4.57412 5.67772 10.4
      vertex 5.07157 5.07157 10.4
    endloop
  endfacet
  facet normal 0 0 1
    outer loop
      vertex 5.87156 8.44352 10.4
      vertex 3.97686 8.68036 10.4
      vertex 5.8 7.9 10.4
    endloop
  endfacet
  facet normal 0 0 1
    outer loop
      vertex 6.08135 6.85 10.4
      vertex 4.20448 6.36927 10.4
      vertex 4.57412 5.67772 10.4
    endloop
  endfacet
  facet normal 0 0 1
    outer loop
      vertex 3.9 7.9 10.4
      vertex 5.8 7.9 10.4
      vertex 3.97686 8.68036 10.4
    endloop
  endfacet
  facet normal 0 0 1
    outer loop
      vertex 5.87156 7.35648 10.4
      vertex 3.97686 7.11964 10.4
      vertex 4.20448 6.36927 10.4
    endloop
  endfacet
  facet normal 0 0 1
    outer loop
      vertex 5.8 7.9 10.4
      vertex 3.9 7.9 10.4
      vertex 3.97686 7.11964 10.4
    endloop
  endfacet
  facet normal -0.290282 -0.956941 0
    outer loop
      vertex 6.36927 4.20448 2.4
      vertex 7.11964 3.97686 10.4
      vertex 6.36927 4.20448 10.4
    endloop
  endfacet
  facet normal -0.290282 -0.956941 -0
    outer loop
      vertex 7.11964 3.97686 10.4
      vertex 6.36927 4.20448 2.4
      vertex 7.11964 3.97686 2.4
    endloop
  endfacet
  facet normal 0.956948 -0.290259 0
    outer loop
      vertex 11.5955 6.36927 10.4
      vertex 11.8231 7.11964 2.4
      vertex 11.8231 7.11964 10.4
    endloop
  endfacet
  facet normal 0.956948 -0.290259 0
    outer loop
      vertex 11.8231 7.11964 2.4
      vertex 11.5955 6.36927 10.4
      vertex 11.5955 6.36927 2.4
    endloop
  endfacet
  facet normal 0.772956 0.634459 0
    outer loop
      vertex 11.2259 10.1223 10.4
      vertex 10.7284 10.7284 2.4
      vertex 10.7284 10.7284 10.4
    endloop
  endfacet
  facet normal 0.772956 0.634459 0
    outer loop
      vertex 10.7284 10.7284 2.4
      vertex 11.2259 10.1223 10.4
      vertex 11.2259 10.1223 2.4
    endloop
  endfacet
  facet normal -0.995185 0.0980187 0
    outer loop
      vertex 3.9 7.9 2.4
      vertex 3.97686 8.68036 10.4
      vertex 3.97686 8.68036 2.4
    endloop
  endfacet
  facet normal -0.995185 0.0980187 0
    outer loop
      vertex 3.97686 8.68036 10.4
      vertex 3.9 7.9 2.4
      vertex 3.9 7.9 10.4
    endloop
  endfacet
  facet normal 0.634421 -0.772988 0
    outer loop
      vertex 10.1223 4.57412 2.4
      vertex 10.7284 5.07157 10.4
      vertex 10.1223 4.57412 10.4
    endloop
  endfacet
  facet normal 0.634421 -0.772988 0
    outer loop
      vertex 10.7284 5.07157 10.4
      vertex 10.1223 4.57412 2.4
      vertex 10.7284 5.07157 2.4
    endloop
  endfacet
  facet normal -0.471356 0.881943 0
    outer loop
      vertex 6.36927 11.5955 2.4
      vertex 5.67772 11.2259 10.4
      vertex 6.36927 11.5955 10.4
    endloop
  endfacet
  facet normal -0.471356 0.881943 0
    outer loop
      vertex 5.67772 11.2259 10.4
      vertex 6.36927 11.5955 2.4
      vertex 5.67772 11.2259 2.4
    endloop
  endfacet
  facet normal -0.63439 -0.773013 0
    outer loop
      vertex 5.07157 5.07157 2.4
      vertex 5.67772 4.57412 10.4
      vertex 5.07157 5.07157 10.4
    endloop
  endfacet
  facet normal -0.63439 -0.773013 -0
    outer loop
      vertex 5.67772 4.57412 10.4
      vertex 5.07157 5.07157 2.4
      vertex 5.67772 4.57412 2.4
    endloop
  endfacet
  facet normal -0.0980692 0.99518 0
    outer loop
      vertex 7.9 11.9 2.4
      vertex 7.11964 11.8231 10.4
      vertex 7.9 11.9 10.4
    endloop
  endfacet
  facet normal -0.0980692 0.99518 0
    outer loop
      vertex 7.11964 11.8231 10.4
      vertex 7.9 11.9 2.4
      vertex 7.11964 11.8231 2.4
    endloop
  endfacet
  facet normal 0.881943 -0.471356 0
    outer loop
      vertex 11.2259 5.67772 10.4
      vertex 11.5955 6.36927 2.4
      vertex 11.5955 6.36927 10.4
    endloop
  endfacet
  facet normal 0.881943 -0.471356 0
    outer loop
      vertex 11.5955 6.36927 2.4
      vertex 11.2259 5.67772 10.4
      vertex 11.2259 5.67772 2.4
    endloop
  endfacet
  facet normal -0.956941 -0.290282 0
    outer loop
      vertex 4.20448 6.36927 2.4
      vertex 3.97686 7.11964 10.4
      vertex 3.97686 7.11964 2.4
    endloop
  endfacet
  facet normal -0.956941 -0.290282 0
    outer loop
      vertex 3.97686 7.11964 10.4
      vertex 4.20448 6.36927 2.4
      vertex 4.20448 6.36927 10.4
    endloop
  endfacet
  facet normal -0.995185 -0.0980187 0
    outer loop
      vertex 3.97686 7.11964 2.4
      vertex 3.9 7.9 10.4
      vertex 3.9 7.9 2.4
    endloop
  endfacet
  facet normal -0.995185 -0.0980187 0
    outer loop
      vertex 3.9 7.9 10.4
      vertex 3.97686 7.11964 2.4
      vertex 3.97686 7.11964 10.4
    endloop
  endfacet
  facet normal -0.773013 -0.63439 0
    outer loop
      vertex 5.07157 5.07157 2.4
      vertex 4.57412 5.67772 10.4
      vertex 4.57412 5.67772 2.4
    endloop
  endfacet
  facet normal -0.773013 -0.63439 0
    outer loop
      vertex 4.57412 5.67772 10.4
      vertex 5.07157 5.07157 2.4
      vertex 5.07157 5.07157 10.4
    endloop
  endfacet
  facet normal -0.772988 0.634421 0
    outer loop
      vertex 4.57412 10.1223 2.4
      vertex 5.07157 10.7284 10.4
      vertex 5.07157 10.7284 2.4
    endloop
  endfacet
  facet normal -0.772988 0.634421 0
    outer loop
      vertex 5.07157 10.7284 10.4
      vertex 4.57412 10.1223 2.4
      vertex 4.57412 10.1223 10.4
    endloop
  endfacet
  facet normal -0.956941 0.290282 0
    outer loop
      vertex 3.97686 8.68036 2.4
      vertex 4.20448 9.43073 10.4
      vertex 4.20448 9.43073 2.4
    endloop
  endfacet
  facet normal -0.956941 0.290282 0
    outer loop
      vertex 4.20448 9.43073 10.4
      vertex 3.97686 8.68036 2.4
      vertex 3.97686 8.68036 10.4
    endloop
  endfacet
  facet normal -0.471396 -0.881922 0
    outer loop
      vertex 5.67772 4.57412 2.4
      vertex 6.36927 4.20448 10.4
      vertex 5.67772 4.57412 10.4
    endloop
  endfacet
  facet normal -0.471396 -0.881922 -0
    outer loop
      vertex 6.36927 4.20448 10.4
      vertex 5.67772 4.57412 2.4
      vertex 6.36927 4.20448 2.4
    endloop
  endfacet
  facet normal -0.92388 -0.382682 0
    outer loop
      vertex 9.92844 8.44352 4.4
      vertex 9.71865 8.95 10.4
      vertex 9.71865 8.95 4.4
    endloop
  endfacet
  facet normal -0.92388 -0.382682 0
    outer loop
      vertex 9.71865 8.95 10.4
      vertex 9.92844 8.44352 4.4
      vertex 9.92844 8.44352 10.4
    endloop
  endfacet
  facet normal -0.991444 -0.130534 0
    outer loop
      vertex 10 7.9 4.4
      vertex 9.92844 8.44352 10.4
      vertex 9.92844 8.44352 4.4
    endloop
  endfacet
  facet normal -0.991444 -0.130534 0
    outer loop
      vertex 9.92844 8.44352 10.4
      vertex 10 7.9 4.4
      vertex 10 7.9 10.4
    endloop
  endfacet
  facet normal 0.608766 -0.79335 0
    outer loop
      vertex 6.41508 9.38492 4.4
      vertex 6.85 9.71865 10.4
      vertex 6.41508 9.38492 10.4
    endloop
  endfacet
  facet normal 0.608766 -0.79335 0
    outer loop
      vertex 6.85 9.71865 10.4
      vertex 6.41508 9.38492 4.4
      vertex 6.85 9.71865 4.4
    endloop
  endfacet
  facet normal 0.382682 -0.92388 0
    outer loop
      vertex 6.85 9.71865 4.4
      vertex 7.35648 9.92844 10.4
      vertex 6.85 9.71865 10.4
    endloop
  endfacet
  facet normal 0.382682 -0.92388 0
    outer loop
      vertex 7.35648 9.92844 10.4
      vertex 6.85 9.71865 4.4
      vertex 7.35648 9.92844 4.4
    endloop
  endfacet
  facet normal -0.608766 0.79335 0
    outer loop
      vertex 9.38492 6.41508 4.4
      vertex 8.95 6.08135 10.4
      vertex 9.38492 6.41508 10.4
    endloop
  endfacet
  facet normal -0.608766 0.79335 0
    outer loop
      vertex 8.95 6.08135 10.4
      vertex 9.38492 6.41508 4.4
      vertex 8.95 6.08135 4.4
    endloop
  endfacet
  facet normal -0.608766 -0.79335 0
    outer loop
      vertex 8.95 9.71865 4.4
      vertex 9.38492 9.38492 10.4
      vertex 8.95 9.71865 10.4
    endloop
  endfacet
  facet normal -0.608766 -0.79335 -0
    outer loop
      vertex 9.38492 9.38492 10.4
      vertex 8.95 9.71865 4.4
      vertex 9.38492 9.38492 4.4
    endloop
  endfacet
  facet normal 0.991444 -0.130534 0
    outer loop
      vertex 5.8 7.9 10.4
      vertex 5.87156 8.44352 4.4
      vertex 5.87156 8.44352 10.4
    endloop
  endfacet
  facet normal 0.991444 -0.130534 0
    outer loop
      vertex 5.87156 8.44352 4.4
      vertex 5.8 7.9 10.4
      vertex 5.8 7.9 4.4
    endloop
  endfacet
  facet normal 0.130534 0.991444 -0
    outer loop
      vertex 7.9 5.8 4.4
      vertex 7.35648 5.87156 10.4
      vertex 7.9 5.8 10.4
    endloop
  endfacet
  facet normal 0.130534 0.991444 0
    outer loop
      vertex 7.35648 5.87156 10.4
      vertex 7.9 5.8 4.4
      vertex 7.35648 5.87156 4.4
    endloop
  endfacet
  facet normal -0.130534 -0.991444 0
    outer loop
      vertex 7.9 10 4.4
      vertex 8.44352 9.92844 10.4
      vertex 7.9 10 10.4
    endloop
  endfacet
  facet normal -0.130534 -0.991444 -0
    outer loop
      vertex 8.44352 9.92844 10.4
      vertex 7.9 10 4.4
      vertex 8.44352 9.92844 4.4
    endloop
  endfacet
  facet normal -0.382682 -0.92388 0
    outer loop
      vertex 8.44352 9.92844 4.4
      vertex 8.95 9.71865 10.4
      vertex 8.44352 9.92844 10.4
    endloop
  endfacet
  facet normal -0.382682 -0.92388 -0
    outer loop
      vertex 8.95 9.71865 10.4
      vertex 8.44352 9.92844 4.4
      vertex 8.95 9.71865 4.4
    endloop
  endfacet
  facet normal 0.608766 0.79335 -0
    outer loop
      vertex 6.85 6.08135 4.4
      vertex 6.41508 6.41508 10.4
      vertex 6.85 6.08135 10.4
    endloop
  endfacet
  facet normal 0.608766 0.79335 0
    outer loop
      vertex 6.41508 6.41508 10.4
      vertex 6.85 6.08135 4.4
      vertex 6.41508 6.41508 4.4
    endloop
  endfacet
  facet normal -0.79335 0.608766 0
    outer loop
      vertex 9.38492 6.41508 4.4
      vertex 9.71865 6.85 10.4
      vertex 9.71865 6.85 4.4
    endloop
  endfacet
  facet normal -0.79335 0.608766 0
    outer loop
      vertex 9.71865 6.85 10.4
      vertex 9.38492 6.41508 4.4
      vertex 9.38492 6.41508 10.4
    endloop
  endfacet
  facet normal -0.382682 0.92388 0
    outer loop
      vertex 8.95 6.08135 4.4
      vertex 8.44352 5.87156 10.4
      vertex 8.95 6.08135 10.4
    endloop
  endfacet
  facet normal -0.382682 0.92388 0
    outer loop
      vertex 8.44352 5.87156 10.4
      vertex 8.95 6.08135 4.4
      vertex 8.44352 5.87156 4.4
    endloop
  endfacet
  facet normal 0.79335 -0.608766 0
    outer loop
      vertex 6.08135 8.95 10.4
      vertex 6.41508 9.38492 4.4
      vertex 6.41508 9.38492 10.4
    endloop
  endfacet
  facet normal 0.79335 -0.608766 0
    outer loop
      vertex 6.41508 9.38492 4.4
      vertex 6.08135 8.95 10.4
      vertex 6.08135 8.95 4.4
    endloop
  endfacet
  facet normal 0.79335 0.608766 0
    outer loop
      vertex 6.41508 6.41508 10.4
      vertex 6.08135 6.85 4.4
      vertex 6.08135 6.85 10.4
    endloop
  endfacet
  facet normal 0.79335 0.608766 0
    outer loop
      vertex 6.08135 6.85 4.4
      vertex 6.41508 6.41508 10.4
      vertex 6.41508 6.41508 4.4
    endloop
  endfacet
  facet normal -0.991444 0.130534 0
    outer loop
      vertex 9.92844 7.35648 4.4
      vertex 10 7.9 10.4
      vertex 10 7.9 4.4
    endloop
  endfacet
  facet normal -0.991444 0.130534 0
    outer loop
      vertex 10 7.9 10.4
      vertex 9.92844 7.35648 4.4
      vertex 9.92844 7.35648 10.4
    endloop
  endfacet
  facet normal 0.130534 -0.991444 0
    outer loop
      vertex 7.35648 9.92844 4.4
      vertex 7.9 10 10.4
      vertex 7.35648 9.92844 10.4
    endloop
  endfacet
  facet normal 0.130534 -0.991444 0
    outer loop
      vertex 7.9 10 10.4
      vertex 7.35648 9.92844 4.4
      vertex 7.9 10 4.4
    endloop
  endfacet
  facet normal 0.92388 0.382682 0
    outer loop
      vertex 6.08135 6.85 10.4
      vertex 5.87156 7.35648 4.4
      vertex 5.87156 7.35648 10.4
    endloop
  endfacet
  facet normal 0.92388 0.382682 0
    outer loop
      vertex 5.87156 7.35648 4.4
      vertex 6.08135 6.85 10.4
      vertex 6.08135 6.85 4.4
    endloop
  endfacet
  facet normal 0.991444 0.130534 0
    outer loop
      vertex 5.87156 7.35648 10.4
      vertex 5.8 7.9 4.4
      vertex 5.8 7.9 10.4
    endloop
  endfacet
  facet normal 0.991444 0.130534 0
    outer loop
      vertex 5.8 7.9 4.4
      vertex 5.87156 7.35648 10.4
      vertex 5.87156 7.35648 4.4
    endloop
  endfacet
  facet normal -0.92388 0.382682 0
    outer loop
      vertex 9.71865 6.85 4.4
      vertex 9.92844 7.35648 10.4
      vertex 9.92844 7.35648 4.4
    endloop
  endfacet
  facet normal -0.92388 0.382682 0
    outer loop
      vertex 9.92844 7.35648 10.4
      vertex 9.71865 6.85 4.4
      vertex 9.71865 6.85 10.4
    endloop
  endfacet
  facet normal 0.382682 0.92388 -0
    outer loop
      vertex 7.35648 5.87156 4.4
      vertex 6.85 6.08135 10.4
      vertex 7.35648 5.87156 10.4
    endloop
  endfacet
  facet normal 0.382682 0.92388 0
    outer loop
      vertex 6.85 6.08135 10.4
      vertex 7.35648 5.87156 4.4
      vertex 6.85 6.08135 4.4
    endloop
  endfacet
  facet normal -0.130534 0.991444 0
    outer loop
      vertex 8.44352 5.87156 4.4
      vertex 7.9 5.8 10.4
      vertex 8.44352 5.87156 10.4
    endloop
  endfacet
  facet normal -0.130534 0.991444 0
    outer loop
      vertex 7.9 5.8 10.4
      vertex 8.44352 5.87156 4.4
      vertex 7.9 5.8 4.4
    endloop
  endfacet
  facet normal -0.79335 -0.608766 0
    outer loop
      vertex 9.71865 8.95 4.4
      vertex 9.38492 9.38492 10.4
      vertex 9.38492 9.38492 4.4
    endloop
  endfacet
  facet normal -0.79335 -0.608766 0
    outer loop
      vertex 9.38492 9.38492 10.4
      vertex 9.71865 8.95 4.4
      vertex 9.71865 8.95 10.4
    endloop
  endfacet
  facet normal 0 0 1
    outer loop
      vertex 9.92844 8.44352 4.4
      vertex 9.92844 7.35648 4.4
      vertex 10 7.9 4.4
    endloop
  endfacet
  facet normal 0 0 1
    outer loop
      vertex 9.71865 8.95 4.4
      vertex 9.92844 7.35648 4.4
      vertex 9.92844 8.44352 4.4
    endloop
  endfacet
  facet normal 0 0 1
    outer loop
      vertex 9.71865 8.95 4.4
      vertex 9.71865 6.85 4.4
      vertex 9.92844 7.35648 4.4
    endloop
  endfacet
  facet normal 0 0 1
    outer loop
      vertex 9.38492 9.38492 4.4
      vertex 9.71865 6.85 4.4
      vertex 9.71865 8.95 4.4
    endloop
  endfacet
  facet normal 0 0 1
    outer loop
      vertex 9.38492 9.38492 4.4
      vertex 9.38492 6.41508 4.4
      vertex 9.71865 6.85 4.4
    endloop
  endfacet
  facet normal 0 0 1
    outer loop
      vertex 8.95 9.71865 4.4
      vertex 9.38492 6.41508 4.4
      vertex 9.38492 9.38492 4.4
    endloop
  endfacet
  facet normal 0 0 1
    outer loop
      vertex 8.95 9.71865 4.4
      vertex 8.95 6.08135 4.4
      vertex 9.38492 6.41508 4.4
    endloop
  endfacet
  facet normal 0 0 1
    outer loop
      vertex 8.44352 9.92844 4.4
      vertex 8.95 6.08135 4.4
      vertex 8.95 9.71865 4.4
    endloop
  endfacet
  facet normal 0 0 1
    outer loop
      vertex 8.44352 9.92844 4.4
      vertex 8.44352 5.87156 4.4
      vertex 8.95 6.08135 4.4
    endloop
  endfacet
  facet normal 0 0 1
    outer loop
      vertex 7.9 10 4.4
      vertex 8.44352 5.87156 4.4
      vertex 8.44352 9.92844 4.4
    endloop
  endfacet
  facet normal 0 0 1
    outer loop
      vertex 7.9 10 4.4
      vertex 7.9 5.8 4.4
      vertex 8.44352 5.87156 4.4
    endloop
  endfacet
  facet normal -0 0 1
    outer loop
      vertex 7.35648 9.92844 4.4
      vertex 7.9 5.8 4.4
      vertex 7.9 10 4.4
    endloop
  endfacet
  facet normal 0 0 1
    outer loop
      vertex 7.35648 9.92844 4.4
      vertex 7.35648 5.87156 4.4
      vertex 7.9 5.8 4.4
    endloop
  endfacet
  facet normal -0 0 1
    outer loop
      vertex 6.85 9.71865 4.4
      vertex 7.35648 5.87156 4.4
      vertex 7.35648 9.92844 4.4
    endloop
  endfacet
  facet normal 0 0 1
    outer loop
      vertex 6.85 9.71865 4.4
      vertex 6.85 6.08135 4.4
      vertex 7.35648 5.87156 4.4
    endloop
  endfacet
  facet normal -0 0 1
    outer loop
      vertex 6.41508 9.38492 4.4
      vertex 6.85 6.08135 4.4
      vertex 6.85 9.71865 4.4
    endloop
  endfacet
  facet normal 0 0 1
    outer loop
      vertex 6.41508 9.38492 4.4
      vertex 6.41508 6.41508 4.4
      vertex 6.85 6.08135 4.4
    endloop
  endfacet
  facet normal -0 0 1
    outer loop
      vertex 6.08135 8.95 4.4
      vertex 6.41508 6.41508 4.4
      vertex 6.41508 9.38492 4.4
    endloop
  endfacet
  facet normal 0 0 1
    outer loop
      vertex 6.08135 8.95 4.4
      vertex 6.08135 6.85 4.4
      vertex 6.41508 6.41508 4.4
    endloop
  endfacet
  facet normal -0 0 1
    outer loop
      vertex 5.87156 8.44352 4.4
      vertex 6.08135 6.85 4.4
      vertex 6.08135 8.95 4.4
    endloop
  endfacet
  facet normal 0 0 1
    outer loop
      vertex 5.87156 8.44352 4.4
      vertex 5.87156 7.35648 4.4
      vertex 6.08135 6.85 4.4
    endloop
  endfacet
  facet normal 0 -0 1
    outer loop
      vertex 5.87156 7.35648 4.4
      vertex 5.87156 8.44352 4.4
      vertex 5.8 7.9 4.4
    endloop
  endfacet
  facet normal 0.92388 -0.382682 0
    outer loop
      vertex 5.87156 8.44352 10.4
      vertex 6.08135 8.95 4.4
      vertex 6.08135 8.95 10.4
    endloop
  endfacet
  facet normal 0.92388 -0.382682 0
    outer loop
      vertex 6.08135 8.95 4.4
      vertex 5.87156 8.44352 10.4
      vertex 5.87156 8.44352 4.4
    endloop
  endfacet
  facet normal 0.471329 0.881957 -0
    outer loop
      vertex 72.1223 11.2259 2.4
      vertex 71.4307 11.5955 10.4
      vertex 72.1223 11.2259 10.4
    endloop
  endfacet
  facet normal 0.471329 0.881957 0
    outer loop
      vertex 71.4307 11.5955 10.4
      vertex 72.1223 11.2259 2.4
      vertex 71.4307 11.5955 2.4
    endloop
  endfacet
  facet normal 0.956948 0.290259 0
    outer loop
      vertex 73.8231 8.68036 10.4
      vertex 73.5955 9.43073 2.4
      vertex 73.5955 9.43073 10.4
    endloop
  endfacet
  facet normal 0.956948 0.290259 0
    outer loop
      vertex 73.5955 9.43073 2.4
      vertex 73.8231 8.68036 10.4
      vertex 73.8231 8.68036 2.4
    endloop
  endfacet
  facet normal 0.99518 0.0980692 0
    outer loop
      vertex 73.9 7.9 10.4
      vertex 73.8231 8.68036 2.4
      vertex 73.8231 8.68036 10.4
    endloop
  endfacet
  facet normal 0.99518 0.0980692 0
    outer loop
      vertex 73.8231 8.68036 2.4
      vertex 73.9 7.9 10.4
      vertex 73.9 7.9 2.4
    endloop
  endfacet
  facet normal 0.881949 0.471345 0
    outer loop
      vertex 73.5955 9.43073 10.4
      vertex 73.2259 10.1223 2.4
      vertex 73.2259 10.1223 10.4
    endloop
  endfacet
  facet normal 0.881949 0.471345 0
    outer loop
      vertex 73.2259 10.1223 2.4
      vertex 73.5955 9.43073 10.4
      vertex 73.5955 9.43073 2.4
    endloop
  endfacet
  facet normal 0.0980643 0.99518 -0
    outer loop
      vertex 70.6804 11.8231 2.4
      vertex 69.9 11.9 10.4
      vertex 70.6804 11.8231 10.4
    endloop
  endfacet
  facet normal 0.0980643 0.99518 0
    outer loop
      vertex 69.9 11.9 10.4
      vertex 70.6804 11.8231 2.4
      vertex 69.9 11.9 2.4
    endloop
  endfacet
  facet normal 0.0980137 -0.995185 0
    outer loop
      vertex 69.9 3.9 2.4
      vertex 70.6804 3.97686 10.4
      vertex 69.9 3.9 10.4
    endloop
  endfacet
  facet normal 0.0980137 -0.995185 0
    outer loop
      vertex 70.6804 3.97686 10.4
      vertex 69.9 3.9 2.4
      vertex 70.6804 3.97686 2.4
    endloop
  endfacet
  facet normal 0.290283 0.956941 -0
    outer loop
      vertex 71.4307 11.5955 2.4
      vertex 70.6804 11.8231 10.4
      vertex 71.4307 11.5955 10.4
    endloop
  endfacet
  facet normal 0.290283 0.956941 0
    outer loop
      vertex 70.6804 11.8231 10.4
      vertex 71.4307 11.5955 2.4
      vertex 70.6804 11.8231 2.4
    endloop
  endfacet
  facet normal 0.634459 0.772956 -0
    outer loop
      vertex 72.7284 10.7284 2.4
      vertex 72.1223 11.2259 10.4
      vertex 72.7284 10.7284 10.4
    endloop
  endfacet
  facet normal 0.634459 0.772956 0
    outer loop
      vertex 72.1223 11.2259 10.4
      vertex 72.7284 10.7284 2.4
      vertex 72.1223 11.2259 2.4
    endloop
  endfacet
  facet normal 0.772982 -0.634428 0
    outer loop
      vertex 72.7284 5.07157 10.4
      vertex 73.2259 5.67772 2.4
      vertex 73.2259 5.67772 10.4
    endloop
  endfacet
  facet normal 0.772982 -0.634428 0
    outer loop
      vertex 73.2259 5.67772 2.4
      vertex 72.7284 5.07157 10.4
      vertex 72.7284 5.07157 2.4
    endloop
  endfacet
  facet normal -0.634459 0.772956 0
    outer loop
      vertex 67.6777 11.2259 2.4
      vertex 67.0716 10.7284 10.4
      vertex 67.6777 11.2259 10.4
    endloop
  endfacet
  facet normal -0.634459 0.772956 0
    outer loop
      vertex 67.0716 10.7284 10.4
      vertex 67.6777 11.2259 2.4
      vertex 67.0716 10.7284 2.4
    endloop
  endfacet
  facet normal 0.471369 -0.881936 0
    outer loop
      vertex 71.4307 4.20448 2.4
      vertex 72.1223 4.57412 10.4
      vertex 71.4307 4.20448 10.4
    endloop
  endfacet
  facet normal 0.471369 -0.881936 0
    outer loop
      vertex 72.1223 4.57412 10.4
      vertex 71.4307 4.20448 2.4
      vertex 72.1223 4.57412 2.4
    endloop
  endfacet
  facet normal -0.881943 -0.471356 0
    outer loop
      vertex 66.5741 5.67772 2.4
      vertex 66.2045 6.36927 10.4
      vertex 66.2045 6.36927 2.4
    endloop
  endfacet
  facet normal -0.881943 -0.471356 0
    outer loop
      vertex 66.2045 6.36927 10.4
      vertex 66.5741 5.67772 2.4
      vertex 66.5741 5.67772 10.4
    endloop
  endfacet
  facet normal 0.99518 -0.0980692 0
    outer loop
      vertex 73.8231 7.11964 10.4
      vertex 73.9 7.9 2.4
      vertex 73.9 7.9 10.4
    endloop
  endfacet
  facet normal 0.99518 -0.0980692 0
    outer loop
      vertex 73.9 7.9 2.4
      vertex 73.8231 7.11964 10.4
      vertex 73.8231 7.11964 2.4
    endloop
  endfacet
  facet normal -0.290283 0.956941 0
    outer loop
      vertex 69.1196 11.8231 2.4
      vertex 68.3693 11.5955 10.4
      vertex 69.1196 11.8231 10.4
    endloop
  endfacet
  facet normal -0.290283 0.956941 0
    outer loop
      vertex 68.3693 11.5955 10.4
      vertex 69.1196 11.8231 2.4
      vertex 68.3693 11.5955 2.4
    endloop
  endfacet
  facet normal -0.0980137 -0.995185 0
    outer loop
      vertex 69.1196 3.97686 2.4
      vertex 69.9 3.9 10.4
      vertex 69.1196 3.97686 10.4
    endloop
  endfacet
  facet normal -0.0980137 -0.995185 -0
    outer loop
      vertex 69.9 3.9 10.4
      vertex 69.1196 3.97686 2.4
      vertex 69.9 3.9 2.4
    endloop
  endfacet
  facet normal 0 0 -1
    outer loop
      vertex 73.8231 7.11964 2.4
      vertex 73.8231 8.68036 2.4
      vertex 73.9 7.9 2.4
    endloop
  endfacet
  facet normal 0 0 -1
    outer loop
      vertex 73.5955 6.36927 2.4
      vertex 73.8231 8.68036 2.4
      vertex 73.8231 7.11964 2.4
    endloop
  endfacet
  facet normal 0 0 -1
    outer loop
      vertex 73.5955 6.36927 2.4
      vertex 73.5955 9.43073 2.4
      vertex 73.8231 8.68036 2.4
    endloop
  endfacet
  facet normal 0 0 -1
    outer loop
      vertex 73.2259 5.67772 2.4
      vertex 73.5955 9.43073 2.4
      vertex 73.5955 6.36927 2.4
    endloop
  endfacet
  facet normal 0 0 -1
    outer loop
      vertex 73.2259 5.67772 2.4
      vertex 73.2259 10.1223 2.4
      vertex 73.5955 9.43073 2.4
    endloop
  endfacet
  facet normal 0 0 -1
    outer loop
      vertex 72.7284 5.07157 2.4
      vertex 73.2259 10.1223 2.4
      vertex 73.2259 5.67772 2.4
    endloop
  endfacet
  facet normal 0 0 -1
    outer loop
      vertex 72.7284 5.07157 2.4
      vertex 72.7284 10.7284 2.4
      vertex 73.2259 10.1223 2.4
    endloop
  endfacet
  facet normal 0 0 -1
    outer loop
      vertex 72.1223 4.57412 2.4
      vertex 72.7284 10.7284 2.4
      vertex 72.7284 5.07157 2.4
    endloop
  endfacet
  facet normal 0 0 -1
    outer loop
      vertex 72.1223 4.57412 2.4
      vertex 72.1223 11.2259 2.4
      vertex 72.7284 10.7284 2.4
    endloop
  endfacet
  facet normal 0 0 -1
    outer loop
      vertex 71.4307 4.20448 2.4
      vertex 72.1223 11.2259 2.4
      vertex 72.1223 4.57412 2.4
    endloop
  endfacet
  facet normal 0 0 -1
    outer loop
      vertex 71.4307 4.20448 2.4
      vertex 71.4307 11.5955 2.4
      vertex 72.1223 11.2259 2.4
    endloop
  endfacet
  facet normal 0 0 -1
    outer loop
      vertex 70.6804 3.97686 2.4
      vertex 71.4307 11.5955 2.4
      vertex 71.4307 4.20448 2.4
    endloop
  endfacet
  facet normal 0 0 -1
    outer loop
      vertex 70.6804 3.97686 2.4
      vertex 70.6804 11.8231 2.4
      vertex 71.4307 11.5955 2.4
    endloop
  endfacet
  facet normal 0 0 -1
    outer loop
      vertex 69.9 3.9 2.4
      vertex 70.6804 11.8231 2.4
      vertex 70.6804 3.97686 2.4
    endloop
  endfacet
  facet normal 0 0 -1
    outer loop
      vertex 69.9 3.9 2.4
      vertex 69.9 11.9 2.4
      vertex 70.6804 11.8231 2.4
    endloop
  endfacet
  facet normal 0 0 -1
    outer loop
      vertex 69.1196 3.97686 2.4
      vertex 69.9 11.9 2.4
      vertex 69.9 3.9 2.4
    endloop
  endfacet
  facet normal 0 0 -1
    outer loop
      vertex 69.1196 3.97686 2.4
      vertex 69.1196 11.8231 2.4
      vertex 69.9 11.9 2.4
    endloop
  endfacet
  facet normal 0 0 -1
    outer loop
      vertex 68.3693 4.20448 2.4
      vertex 69.1196 11.8231 2.4
      vertex 69.1196 3.97686 2.4
    endloop
  endfacet
  facet normal 0 0 -1
    outer loop
      vertex 68.3693 4.20448 2.4
      vertex 68.3693 11.5955 2.4
      vertex 69.1196 11.8231 2.4
    endloop
  endfacet
  facet normal 0 0 -1
    outer loop
      vertex 67.6777 4.57412 2.4
      vertex 68.3693 11.5955 2.4
      vertex 68.3693 4.20448 2.4
    endloop
  endfacet
  facet normal 0 0 -1
    outer loop
      vertex 67.6777 4.57412 2.4
      vertex 67.6777 11.2259 2.4
      vertex 68.3693 11.5955 2.4
    endloop
  endfacet
  facet normal 0 0 -1
    outer loop
      vertex 67.0716 5.07157 2.4
      vertex 67.6777 11.2259 2.4
      vertex 67.6777 4.57412 2.4
    endloop
  endfacet
  facet normal 0 0 -1
    outer loop
      vertex 67.0716 5.07157 2.4
      vertex 67.0716 10.7284 2.4
      vertex 67.6777 11.2259 2.4
    endloop
  endfacet
  facet normal 0 0 -1
    outer loop
      vertex 66.5741 5.67772 2.4
      vertex 67.0716 10.7284 2.4
      vertex 67.0716 5.07157 2.4
    endloop
  endfacet
  facet normal 0 0 -1
    outer loop
      vertex 66.5741 5.67772 2.4
      vertex 66.5741 10.1223 2.4
      vertex 67.0716 10.7284 2.4
    endloop
  endfacet
  facet normal 0 0 -1
    outer loop
      vertex 66.2045 6.36927 2.4
      vertex 66.5741 10.1223 2.4
      vertex 66.5741 5.67772 2.4
    endloop
  endfacet
  facet normal 0 0 -1
    outer loop
      vertex 66.2045 6.36927 2.4
      vertex 66.2045 9.43073 2.4
      vertex 66.5741 10.1223 2.4
    endloop
  endfacet
  facet normal 0 0 -1
    outer loop
      vertex 65.9769 7.11964 2.4
      vertex 66.2045 9.43073 2.4
      vertex 66.2045 6.36927 2.4
    endloop
  endfacet
  facet normal 0 0 -1
    outer loop
      vertex 65.9769 7.11964 2.4
      vertex 65.9769 8.68036 2.4
      vertex 66.2045 9.43073 2.4
    endloop
  endfacet
  facet normal 0 -0 -1
    outer loop
      vertex 65.9769 8.68036 2.4
      vertex 65.9769 7.11964 2.4
      vertex 65.9 7.9 2.4
    endloop
  endfacet
  facet normal -0.881949 0.471345 0
    outer loop
      vertex 66.2045 9.43073 2.4
      vertex 66.5741 10.1223 10.4
      vertex 66.5741 10.1223 2.4
    endloop
  endfacet
  facet normal -0.881949 0.471345 0
    outer loop
      vertex 66.5741 10.1223 10.4
      vertex 66.2045 9.43073 2.4
      vertex 66.2045 9.43073 10.4
    endloop
  endfacet
  facet normal 0.290307 -0.956934 0
    outer loop
      vertex 70.6804 3.97686 2.4
      vertex 71.4307 4.20448 10.4
      vertex 70.6804 3.97686 10.4
    endloop
  endfacet
  facet normal 0.290307 -0.956934 0
    outer loop
      vertex 71.4307 4.20448 10.4
      vertex 70.6804 3.97686 2.4
      vertex 71.4307 4.20448 2.4
    endloop
  endfacet
  facet normal 0 0 1
    outer loop
      vertex 72 7.9 10.4
      vertex 73.9 7.9 10.4
      vertex 73.8231 8.68036 10.4
    endloop
  endfacet
  facet normal 0 0 1
    outer loop
      vertex 71.9284 8.44352 10.4
      vertex 73.8231 8.68036 10.4
      vertex 73.5955 9.43073 10.4
    endloop
  endfacet
  facet normal 0 0 1
    outer loop
      vertex 73.9 7.9 10.4
      vertex 72 7.9 10.4
      vertex 73.8231 7.11964 10.4
    endloop
  endfacet
  facet normal 0 0 1
    outer loop
      vertex 71.7187 8.95 10.4
      vertex 73.5955 9.43073 10.4
      vertex 73.2259 10.1223 10.4
    endloop
  endfacet
  facet normal -0 0 1
    outer loop
      vertex 71.9284 7.35648 10.4
      vertex 73.8231 7.11964 10.4
      vertex 72 7.9 10.4
    endloop
  endfacet
  facet normal 0 0 1
    outer loop
      vertex 71.3849 9.38492 10.4
      vertex 73.2259 10.1223 10.4
      vertex 72.7284 10.7284 10.4
    endloop
  endfacet
  facet normal 0 0 1
    outer loop
      vertex 73.8231 7.11964 10.4
      vertex 71.9284 7.35648 10.4
      vertex 73.5955 6.36927 10.4
    endloop
  endfacet
  facet normal 0 0 1
    outer loop
      vertex 71.3849 9.38492 10.4
      vertex 72.7284 10.7284 10.4
      vertex 72.1223 11.2259 10.4
    endloop
  endfacet
  facet normal -0 0 1
    outer loop
      vertex 71.7187 6.85 10.4
      vertex 73.5955 6.36927 10.4
      vertex 71.9284 7.35648 10.4
    endloop
  endfacet
  facet normal 0 0 1
    outer loop
      vertex 73.5955 6.36927 10.4
      vertex 71.7187 6.85 10.4
      vertex 73.2259 5.67772 10.4
    endloop
  endfacet
  facet normal 0 0 1
    outer loop
      vertex 73.8231 8.68036 10.4
      vertex 71.9284 8.44352 10.4
      vertex 72 7.9 10.4
    endloop
  endfacet
  facet normal 0 0 1
    outer loop
      vertex 73.5955 9.43073 10.4
      vertex 71.7187 8.95 10.4
      vertex 71.9284 8.44352 10.4
    endloop
  endfacet
  facet normal 0 0 1
    outer loop
      vertex 70.95 9.71865 10.4
      vertex 72.1223 11.2259 10.4
      vertex 71.4307 11.5955 10.4
    endloop
  endfacet
  facet normal 0 0 1
    outer loop
      vertex 73.2259 10.1223 10.4
      vertex 71.3849 9.38492 10.4
      vertex 71.7187 8.95 10.4
    endloop
  endfacet
  facet normal 0 0 1
    outer loop
      vertex 72.1223 11.2259 10.4
      vertex 70.95 9.71865 10.4
      vertex 71.3849 9.38492 10.4
    endloop
  endfacet
  facet normal 0 0 1
    outer loop
      vertex 70.4435 9.92844 10.4
      vertex 71.4307 11.5955 10.4
      vertex 70.6804 11.8231 10.4
    endloop
  endfacet
  facet normal 0 0 1
    outer loop
      vertex 71.4307 11.5955 10.4
      vertex 70.4435 9.92844 10.4
      vertex 70.95 9.71865 10.4
    endloop
  endfacet
  facet normal 0 0 1
    outer loop
      vertex 69.9 10 10.4
      vertex 70.6804 11.8231 10.4
      vertex 69.9 11.9 10.4
    endloop
  endfacet
  facet normal 0 0 1
    outer loop
      vertex 70.6804 11.8231 10.4
      vertex 69.9 10 10.4
      vertex 70.4435 9.92844 10.4
    endloop
  endfacet
  facet normal -0 0 1
    outer loop
      vertex 69.1196 11.8231 10.4
      vertex 69.9 10 10.4
      vertex 69.9 11.9 10.4
    endloop
  endfacet
  facet normal 0 0 1
    outer loop
      vertex 69.9 10 10.4
      vertex 69.1196 11.8231 10.4
      vertex 69.3565 9.92844 10.4
    endloop
  endfacet
  facet normal -0 0 1
    outer loop
      vertex 68.3693 11.5955 10.4
      vertex 69.3565 9.92844 10.4
      vertex 69.1196 11.8231 10.4
    endloop
  endfacet
  facet normal 0 0 1
    outer loop
      vertex 69.3565 9.92844 10.4
      vertex 68.3693 11.5955 10.4
      vertex 68.85 9.71865 10.4
    endloop
  endfacet
  facet normal -0 0 1
    outer loop
      vertex 67.6777 11.2259 10.4
      vertex 68.85 9.71865 10.4
      vertex 68.3693 11.5955 10.4
    endloop
  endfacet
  facet normal 0 0 1
    outer loop
      vertex 68.85 9.71865 10.4
      vertex 67.6777 11.2259 10.4
      vertex 68.4151 9.38492 10.4
    endloop
  endfacet
  facet normal -0 0 1
    outer loop
      vertex 67.0716 10.7284 10.4
      vertex 68.4151 9.38492 10.4
      vertex 67.6777 11.2259 10.4
    endloop
  endfacet
  facet normal 0 0 1
    outer loop
      vertex 68.4151 9.38492 10.4
      vertex 66.5741 10.1223 10.4
      vertex 68.0813 8.95 10.4
    endloop
  endfacet
  facet normal -0 0 1
    outer loop
      vertex 66.5741 10.1223 10.4
      vertex 68.4151 9.38492 10.4
      vertex 67.0716 10.7284 10.4
    endloop
  endfacet
  facet normal -0 0 1
    outer loop
      vertex 71.3849 6.41508 10.4
      vertex 73.2259 5.67772 10.4
      vertex 71.7187 6.85 10.4
    endloop
  endfacet
  facet normal 0 0 1
    outer loop
      vertex 73.2259 5.67772 10.4
      vertex 71.3849 6.41508 10.4
      vertex 72.7284 5.07157 10.4
    endloop
  endfacet
  facet normal 0 0 1
    outer loop
      vertex 72.7284 5.07157 10.4
      vertex 71.3849 6.41508 10.4
      vertex 72.1223 4.57412 10.4
    endloop
  endfacet
  facet normal -0 0 1
    outer loop
      vertex 70.95 6.08135 10.4
      vertex 72.1223 4.57412 10.4
      vertex 71.3849 6.41508 10.4
    endloop
  endfacet
  facet normal 0 0 1
    outer loop
      vertex 72.1223 4.57412 10.4
      vertex 70.95 6.08135 10.4
      vertex 71.4307 4.20448 10.4
    endloop
  endfacet
  facet normal -0 0 1
    outer loop
      vertex 70.4435 5.87156 10.4
      vertex 71.4307 4.20448 10.4
      vertex 70.95 6.08135 10.4
    endloop
  endfacet
  facet normal 0 0 1
    outer loop
      vertex 71.4307 4.20448 10.4
      vertex 70.4435 5.87156 10.4
      vertex 70.6804 3.97686 10.4
    endloop
  endfacet
  facet normal -0 0 1
    outer loop
      vertex 69.9 5.8 10.4
      vertex 70.6804 3.97686 10.4
      vertex 70.4435 5.87156 10.4
    endloop
  endfacet
  facet normal 0 0 1
    outer loop
      vertex 69.9 5.8 10.4
      vertex 69.9 3.9 10.4
      vertex 70.6804 3.97686 10.4
    endloop
  endfacet
  facet normal 0 0 1
    outer loop
      vertex 69.1196 3.97686 10.4
      vertex 69.9 5.8 10.4
      vertex 69.3565 5.87156 10.4
    endloop
  endfacet
  facet normal 0 0 1
    outer loop
      vertex 69.9 5.8 10.4
      vertex 69.1196 3.97686 10.4
      vertex 69.9 3.9 10.4
    endloop
  endfacet
  facet normal 0 0 1
    outer loop
      vertex 68.3693 4.20448 10.4
      vertex 69.3565 5.87156 10.4
      vertex 68.85 6.08135 10.4
    endloop
  endfacet
  facet normal 0 0 1
    outer loop
      vertex 67.6777 4.57412 10.4
      vertex 68.85 6.08135 10.4
      vertex 68.4151 6.41508 10.4
    endloop
  endfacet
  facet normal 0 0 1
    outer loop
      vertex 69.3565 5.87156 10.4
      vertex 68.3693 4.20448 10.4
      vertex 69.1196 3.97686 10.4
    endloop
  endfacet
  facet normal 0 0 1
    outer loop
      vertex 66.5741 5.67772 10.4
      vertex 68.4151 6.41508 10.4
      vertex 68.0813 6.85 10.4
    endloop
  endfacet
  facet normal 0 0 1
    outer loop
      vertex 66.2045 6.36927 10.4
      vertex 68.0813 6.85 10.4
      vertex 67.8716 7.35648 10.4
    endloop
  endfacet
  facet normal 0 0 1
    outer loop
      vertex 68.85 6.08135 10.4
      vertex 67.6777 4.57412 10.4
      vertex 68.3693 4.20448 10.4
    endloop
  endfacet
  facet normal 0 0 1
    outer loop
      vertex 65.9769 7.11964 10.4
      vertex 67.8716 7.35648 10.4
      vertex 67.8 7.9 10.4
    endloop
  endfacet
  facet normal -0 0 1
    outer loop
      vertex 66.2045 9.43073 10.4
      vertex 68.0813 8.95 10.4
      vertex 66.5741 10.1223 10.4
    endloop
  endfacet
  facet normal 0 0 1
    outer loop
      vertex 68.0813 8.95 10.4
      vertex 66.2045 9.43073 10.4
      vertex 67.8716 8.44352 10.4
    endloop
  endfacet
  facet normal 0 0 1
    outer loop
      vertex 68.4151 6.41508 10.4
      vertex 67.0716 5.07157 10.4
      vertex 67.6777 4.57412 10.4
    endloop
  endfacet
  facet normal -0 0 1
    outer loop
      vertex 65.9769 8.68036 10.4
      vertex 67.8716 8.44352 10.4
      vertex 66.2045 9.43073 10.4
    endloop
  endfacet
  facet normal 0 0 1
    outer loop
      vertex 68.4151 6.41508 10.4
      vertex 66.5741 5.67772 10.4
      vertex 67.0716 5.07157 10.4
    endloop
  endfacet
  facet normal 0 0 1
    outer loop
      vertex 67.8716 8.44352 10.4
      vertex 65.9769 8.68036 10.4
      vertex 67.8 7.9 10.4
    endloop
  endfacet
  facet normal 0 0 1
    outer loop
      vertex 68.0813 6.85 10.4
      vertex 66.2045 6.36927 10.4
      vertex 66.5741 5.67772 10.4
    endloop
  endfacet
  facet normal 0 0 1
    outer loop
      vertex 65.9 7.9 10.4
      vertex 67.8 7.9 10.4
      vertex 65.9769 8.68036 10.4
    endloop
  endfacet
  facet normal 0 0 1
    outer loop
      vertex 67.8716 7.35648 10.4
      vertex 65.9769 7.11964 10.4
      vertex 66.2045 6.36927 10.4
    endloop
  endfacet
  facet normal 0 0 1
    outer loop
      vertex 67.8 7.9 10.4
      vertex 65.9 7.9 10.4
      vertex 65.9769 7.11964 10.4
    endloop
  endfacet
  facet normal -0.290307 -0.956934 0
    outer loop
      vertex 68.3693 4.20448 2.4
      vertex 69.1196 3.97686 10.4
      vertex 68.3693 4.20448 10.4
    endloop
  endfacet
  facet normal -0.290307 -0.956934 -0
    outer loop
      vertex 69.1196 3.97686 10.4
      vertex 68.3693 4.20448 2.4
      vertex 69.1196 3.97686 2.4
    endloop
  endfacet
  facet normal 0.956948 -0.290259 0
    outer loop
      vertex 73.5955 6.36927 10.4
      vertex 73.8231 7.11964 2.4
      vertex 73.8231 7.11964 10.4
    endloop
  endfacet
  facet normal 0.956948 -0.290259 0
    outer loop
      vertex 73.8231 7.11964 2.4
      vertex 73.5955 6.36927 10.4
      vertex 73.5955 6.36927 2.4
    endloop
  endfacet
  facet normal 0.772956 0.634459 0
    outer loop
      vertex 73.2259 10.1223 10.4
      vertex 72.7284 10.7284 2.4
      vertex 72.7284 10.7284 10.4
    endloop
  endfacet
  facet normal 0.772956 0.634459 0
    outer loop
      vertex 72.7284 10.7284 2.4
      vertex 73.2259 10.1223 10.4
      vertex 73.2259 10.1223 2.4
    endloop
  endfacet
  facet normal -0.99518 0.0980692 0
    outer loop
      vertex 65.9 7.9 2.4
      vertex 65.9769 8.68036 10.4
      vertex 65.9769 8.68036 2.4
    endloop
  endfacet
  facet normal -0.99518 0.0980692 0
    outer loop
      vertex 65.9769 8.68036 10.4
      vertex 65.9 7.9 2.4
      vertex 65.9 7.9 10.4
    endloop
  endfacet
  facet normal 0.634421 -0.772988 0
    outer loop
      vertex 72.1223 4.57412 2.4
      vertex 72.7284 5.07157 10.4
      vertex 72.1223 4.57412 10.4
    endloop
  endfacet
  facet normal 0.634421 -0.772988 0
    outer loop
      vertex 72.7284 5.07157 10.4
      vertex 72.1223 4.57412 2.4
      vertex 72.7284 5.07157 2.4
    endloop
  endfacet
  facet normal -0.471329 0.881957 0
    outer loop
      vertex 68.3693 11.5955 2.4
      vertex 67.6777 11.2259 10.4
      vertex 68.3693 11.5955 10.4
    endloop
  endfacet
  facet normal -0.471329 0.881957 0
    outer loop
      vertex 67.6777 11.2259 10.4
      vertex 68.3693 11.5955 2.4
      vertex 67.6777 11.2259 2.4
    endloop
  endfacet
  facet normal -0.634421 -0.772988 0
    outer loop
      vertex 67.0716 5.07157 2.4
      vertex 67.6777 4.57412 10.4
      vertex 67.0716 5.07157 10.4
    endloop
  endfacet
  facet normal -0.634421 -0.772988 -0
    outer loop
      vertex 67.6777 4.57412 10.4
      vertex 67.0716 5.07157 2.4
      vertex 67.6777 4.57412 2.4
    endloop
  endfacet
  facet normal -0.0980643 0.99518 0
    outer loop
      vertex 69.9 11.9 2.4
      vertex 69.1196 11.8231 10.4
      vertex 69.9 11.9 10.4
    endloop
  endfacet
  facet normal -0.0980643 0.99518 0
    outer loop
      vertex 69.1196 11.8231 10.4
      vertex 69.9 11.9 2.4
      vertex 69.1196 11.8231 2.4
    endloop
  endfacet
  facet normal 0.881943 -0.471356 0
    outer loop
      vertex 73.2259 5.67772 10.4
      vertex 73.5955 6.36927 2.4
      vertex 73.5955 6.36927 10.4
    endloop
  endfacet
  facet normal 0.881943 -0.471356 0
    outer loop
      vertex 73.5955 6.36927 2.4
      vertex 73.2259 5.67772 10.4
      vertex 73.2259 5.67772 2.4
    endloop
  endfacet
  facet normal -0.956948 -0.290259 0
    outer loop
      vertex 66.2045 6.36927 2.4
      vertex 65.9769 7.11964 10.4
      vertex 65.9769 7.11964 2.4
    endloop
  endfacet
  facet normal -0.956948 -0.290259 0
    outer loop
      vertex 65.9769 7.11964 10.4
      vertex 66.2045 6.36927 2.4
      vertex 66.2045 6.36927 10.4
    endloop
  endfacet
  facet normal -0.99518 -0.0980692 0
    outer loop
      vertex 65.9769 7.11964 2.4
      vertex 65.9 7.9 10.4
      vertex 65.9 7.9 2.4
    endloop
  endfacet
  facet normal -0.99518 -0.0980692 0
    outer loop
      vertex 65.9 7.9 10.4
      vertex 65.9769 7.11964 2.4
      vertex 65.9769 7.11964 10.4
    endloop
  endfacet
  facet normal -0.772982 -0.634428 0
    outer loop
      vertex 67.0716 5.07157 2.4
      vertex 66.5741 5.67772 10.4
      vertex 66.5741 5.67772 2.4
    endloop
  endfacet
  facet normal -0.772982 -0.634428 0
    outer loop
      vertex 66.5741 5.67772 10.4
      vertex 67.0716 5.07157 2.4
      vertex 67.0716 5.07157 10.4
    endloop
  endfacet
  facet normal -0.772956 0.634459 0
    outer loop
      vertex 66.5741 10.1223 2.4
      vertex 67.0716 10.7284 10.4
      vertex 67.0716 10.7284 2.4
    endloop
  endfacet
  facet normal -0.772956 0.634459 0
    outer loop
      vertex 67.0716 10.7284 10.4
      vertex 66.5741 10.1223 2.4
      vertex 66.5741 10.1223 10.4
    endloop
  endfacet
  facet normal -0.956948 0.290259 0
    outer loop
      vertex 65.9769 8.68036 2.4
      vertex 66.2045 9.43073 10.4
      vertex 66.2045 9.43073 2.4
    endloop
  endfacet
  facet normal -0.956948 0.290259 0
    outer loop
      vertex 66.2045 9.43073 10.4
      vertex 65.9769 8.68036 2.4
      vertex 65.9769 8.68036 10.4
    endloop
  endfacet
  facet normal -0.471369 -0.881936 0
    outer loop
      vertex 67.6777 4.57412 2.4
      vertex 68.3693 4.20448 10.4
      vertex 67.6777 4.57412 10.4
    endloop
  endfacet
  facet normal -0.471369 -0.881936 -0
    outer loop
      vertex 68.3693 4.20448 10.4
      vertex 67.6777 4.57412 2.4
      vertex 68.3693 4.20448 2.4
    endloop
  endfacet
  facet normal -0.923938 -0.382542 0
    outer loop
      vertex 71.9284 8.44352 4.4
      vertex 71.7187 8.95 10.4
      vertex 71.7187 8.95 4.4
    endloop
  endfacet
  facet normal -0.923938 -0.382542 0
    outer loop
      vertex 71.7187 8.95 10.4
      vertex 71.9284 8.44352 4.4
      vertex 71.9284 8.44352 10.4
    endloop
  endfacet
  facet normal -0.991434 -0.130606 0
    outer loop
      vertex 72 7.9 4.4
      vertex 71.9284 8.44352 10.4
      vertex 71.9284 8.44352 4.4
    endloop
  endfacet
  facet normal -0.991434 -0.130606 0
    outer loop
      vertex 71.9284 8.44352 10.4
      vertex 72 7.9 4.4
      vertex 72 7.9 10.4
    endloop
  endfacet
  facet normal 0.608784 -0.793336 0
    outer loop
      vertex 68.4151 9.38492 4.4
      vertex 68.85 9.71865 10.4
      vertex 68.4151 9.38492 10.4
    endloop
  endfacet
  facet normal 0.608784 -0.793336 0
    outer loop
      vertex 68.85 9.71865 10.4
      vertex 68.4151 9.38492 4.4
      vertex 68.85 9.71865 4.4
    endloop
  endfacet
  facet normal 0.382669 -0.923885 0
    outer loop
      vertex 68.85 9.71865 4.4
      vertex 69.3565 9.92844 10.4
      vertex 68.85 9.71865 10.4
    endloop
  endfacet
  facet normal 0.382669 -0.923885 0
    outer loop
      vertex 69.3565 9.92844 10.4
      vertex 68.85 9.71865 4.4
      vertex 69.3565 9.92844 4.4
    endloop
  endfacet
  facet normal -0.608784 0.793336 0
    outer loop
      vertex 71.3849 6.41508 4.4
      vertex 70.95 6.08135 10.4
      vertex 71.3849 6.41508 10.4
    endloop
  endfacet
  facet normal -0.608784 0.793336 0
    outer loop
      vertex 70.95 6.08135 10.4
      vertex 71.3849 6.41508 4.4
      vertex 70.95 6.08135 4.4
    endloop
  endfacet
  facet normal -0.608784 -0.793336 0
    outer loop
      vertex 70.95 9.71865 4.4
      vertex 71.3849 9.38492 10.4
      vertex 70.95 9.71865 10.4
    endloop
  endfacet
  facet normal -0.608784 -0.793336 -0
    outer loop
      vertex 71.3849 9.38492 10.4
      vertex 70.95 9.71865 4.4
      vertex 71.3849 9.38492 4.4
    endloop
  endfacet
  facet normal 0.991434 -0.130606 0
    outer loop
      vertex 67.8 7.9 10.4
      vertex 67.8716 8.44352 4.4
      vertex 67.8716 8.44352 10.4
    endloop
  endfacet
  facet normal 0.991434 -0.130606 0
    outer loop
      vertex 67.8716 8.44352 4.4
      vertex 67.8 7.9 10.4
      vertex 67.8 7.9 4.4
    endloop
  endfacet
  facet normal 0.130539 0.991443 -0
    outer loop
      vertex 69.9 5.8 4.4
      vertex 69.3565 5.87156 10.4
      vertex 69.9 5.8 10.4
    endloop
  endfacet
  facet normal 0.130539 0.991443 0
    outer loop
      vertex 69.3565 5.87156 10.4
      vertex 69.9 5.8 4.4
      vertex 69.3565 5.87156 4.4
    endloop
  endfacet
  facet normal -0.130539 -0.991443 0
    outer loop
      vertex 69.9 10 4.4
      vertex 70.4435 9.92844 10.4
      vertex 69.9 10 10.4
    endloop
  endfacet
  facet normal -0.130539 -0.991443 -0
    outer loop
      vertex 70.4435 9.92844 10.4
      vertex 69.9 10 4.4
      vertex 70.4435 9.92844 4.4
    endloop
  endfacet
  facet normal -0.382669 -0.923885 0
    outer loop
      vertex 70.4435 9.92844 4.4
      vertex 70.95 9.71865 10.4
      vertex 70.4435 9.92844 10.4
    endloop
  endfacet
  facet normal -0.382669 -0.923885 -0
    outer loop
      vertex 70.95 9.71865 10.4
      vertex 70.4435 9.92844 4.4
      vertex 70.95 9.71865 4.4
    endloop
  endfacet
  facet normal 0.608784 0.793336 -0
    outer loop
      vertex 68.85 6.08135 4.4
      vertex 68.4151 6.41508 10.4
      vertex 68.85 6.08135 10.4
    endloop
  endfacet
  facet normal 0.608784 0.793336 0
    outer loop
      vertex 68.4151 6.41508 10.4
      vertex 68.85 6.08135 4.4
      vertex 68.4151 6.41508 4.4
    endloop
  endfacet
  facet normal -0.793288 0.608847 0
    outer loop
      vertex 71.3849 6.41508 4.4
      vertex 71.7187 6.85 10.4
      vertex 71.7187 6.85 4.4
    endloop
  endfacet
  facet normal -0.793288 0.608847 0
    outer loop
      vertex 71.7187 6.85 10.4
      vertex 71.3849 6.41508 4.4
      vertex 71.3849 6.41508 10.4
    endloop
  endfacet
  facet normal -0.382669 0.923885 0
    outer loop
      vertex 70.95 6.08135 4.4
      vertex 70.4435 5.87156 10.4
      vertex 70.95 6.08135 10.4
    endloop
  endfacet
  facet normal -0.382669 0.923885 0
    outer loop
      vertex 70.4435 5.87156 10.4
      vertex 70.95 6.08135 4.4
      vertex 70.4435 5.87156 4.4
    endloop
  endfacet
  facet normal 0.793288 -0.608847 0
    outer loop
      vertex 68.0813 8.95 10.4
      vertex 68.4151 9.38492 4.4
      vertex 68.4151 9.38492 10.4
    endloop
  endfacet
  facet normal 0.793288 -0.608847 0
    outer loop
      vertex 68.4151 9.38492 4.4
      vertex 68.0813 8.95 10.4
      vertex 68.0813 8.95 4.4
    endloop
  endfacet
  facet normal 0.793288 0.608847 0
    outer loop
      vertex 68.4151 6.41508 10.4
      vertex 68.0813 6.85 4.4
      vertex 68.0813 6.85 10.4
    endloop
  endfacet
  facet normal 0.793288 0.608847 0
    outer loop
      vertex 68.0813 6.85 4.4
      vertex 68.4151 6.41508 10.4
      vertex 68.4151 6.41508 4.4
    endloop
  endfacet
  facet normal -0.991434 0.130606 0
    outer loop
      vertex 71.9284 7.35648 4.4
      vertex 72 7.9 10.4
      vertex 72 7.9 4.4
    endloop
  endfacet
  facet normal -0.991434 0.130606 0
    outer loop
      vertex 72 7.9 10.4
      vertex 71.9284 7.35648 4.4
      vertex 71.9284 7.35648 10.4
    endloop
  endfacet
  facet normal 0.130539 -0.991443 0
    outer loop
      vertex 69.3565 9.92844 4.4
      vertex 69.9 10 10.4
      vertex 69.3565 9.92844 10.4
    endloop
  endfacet
  facet normal 0.130539 -0.991443 0
    outer loop
      vertex 69.9 10 10.4
      vertex 69.3565 9.92844 4.4
      vertex 69.9 10 4.4
    endloop
  endfacet
  facet normal 0.923938 0.382542 0
    outer loop
      vertex 68.0813 6.85 10.4
      vertex 67.8716 7.35648 4.4
      vertex 67.8716 7.35648 10.4
    endloop
  endfacet
  facet normal 0.923938 0.382542 0
    outer loop
      vertex 67.8716 7.35648 4.4
      vertex 68.0813 6.85 10.4
      vertex 68.0813 6.85 4.4
    endloop
  endfacet
  facet normal 0.991434 0.130606 0
    outer loop
      vertex 67.8716 7.35648 10.4
      vertex 67.8 7.9 4.4
      vertex 67.8 7.9 10.4
    endloop
  endfacet
  facet normal 0.991434 0.130606 0
    outer loop
      vertex 67.8 7.9 4.4
      vertex 67.8716 7.35648 10.4
      vertex 67.8716 7.35648 4.4
    endloop
  endfacet
  facet normal -0.923938 0.382542 0
    outer loop
      vertex 71.7187 6.85 4.4
      vertex 71.9284 7.35648 10.4
      vertex 71.9284 7.35648 4.4
    endloop
  endfacet
  facet normal -0.923938 0.382542 0
    outer loop
      vertex 71.9284 7.35648 10.4
      vertex 71.7187 6.85 4.4
      vertex 71.7187 6.85 10.4
    endloop
  endfacet
  facet normal 0.382669 0.923885 -0
    outer loop
      vertex 69.3565 5.87156 4.4
      vertex 68.85 6.08135 10.4
      vertex 69.3565 5.87156 10.4
    endloop
  endfacet
  facet normal 0.382669 0.923885 0
    outer loop
      vertex 68.85 6.08135 10.4
      vertex 69.3565 5.87156 4.4
      vertex 68.85 6.08135 4.4
    endloop
  endfacet
  facet normal -0.130539 0.991443 0
    outer loop
      vertex 70.4435 5.87156 4.4
      vertex 69.9 5.8 10.4
      vertex 70.4435 5.87156 10.4
    endloop
  endfacet
  facet normal -0.130539 0.991443 0
    outer loop
      vertex 69.9 5.8 10.4
      vertex 70.4435 5.87156 4.4
      vertex 69.9 5.8 4.4
    endloop
  endfacet
  facet normal -0.793288 -0.608847 0
    outer loop
      vertex 71.7187 8.95 4.4
      vertex 71.3849 9.38492 10.4
      vertex 71.3849 9.38492 4.4
    endloop
  endfacet
  facet normal -0.793288 -0.608847 0
    outer loop
      vertex 71.3849 9.38492 10.4
      vertex 71.7187 8.95 4.4
      vertex 71.7187 8.95 10.4
    endloop
  endfacet
  facet normal 0 0 1
    outer loop
      vertex 71.9284 8.44352 4.4
      vertex 71.9284 7.35648 4.4
      vertex 72 7.9 4.4
    endloop
  endfacet
  facet normal 0 0 1
    outer loop
      vertex 71.7187 8.95 4.4
      vertex 71.9284 7.35648 4.4
      vertex 71.9284 8.44352 4.4
    endloop
  endfacet
  facet normal 0 0 1
    outer loop
      vertex 71.7187 8.95 4.4
      vertex 71.7187 6.85 4.4
      vertex 71.9284 7.35648 4.4
    endloop
  endfacet
  facet normal 0 0 1
    outer loop
      vertex 71.3849 9.38492 4.4
      vertex 71.7187 6.85 4.4
      vertex 71.7187 8.95 4.4
    endloop
  endfacet
  facet normal 0 0 1
    outer loop
      vertex 71.3849 9.38492 4.4
      vertex 71.3849 6.41508 4.4
      vertex 71.7187 6.85 4.4
    endloop
  endfacet
  facet normal 0 0 1
    outer loop
      vertex 70.95 9.71865 4.4
      vertex 71.3849 6.41508 4.4
      vertex 71.3849 9.38492 4.4
    endloop
  endfacet
  facet normal 0 0 1
    outer loop
      vertex 70.95 9.71865 4.4
      vertex 70.95 6.08135 4.4
      vertex 71.3849 6.41508 4.4
    endloop
  endfacet
  facet normal 0 0 1
    outer loop
      vertex 70.4435 9.92844 4.4
      vertex 70.95 6.08135 4.4
      vertex 70.95 9.71865 4.4
    endloop
  endfacet
  facet normal 0 0 1
    outer loop
      vertex 70.4435 9.92844 4.4
      vertex 70.4435 5.87156 4.4
      vertex 70.95 6.08135 4.4
    endloop
  endfacet
  facet normal 0 0 1
    outer loop
      vertex 69.9 10 4.4
      vertex 70.4435 5.87156 4.4
      vertex 70.4435 9.92844 4.4
    endloop
  endfacet
  facet normal 0 0 1
    outer loop
      vertex 69.9 10 4.4
      vertex 69.9 5.8 4.4
      vertex 70.4435 5.87156 4.4
    endloop
  endfacet
  facet normal -0 0 1
    outer loop
      vertex 69.3565 9.92844 4.4
      vertex 69.9 5.8 4.4
      vertex 69.9 10 4.4
    endloop
  endfacet
  facet normal 0 0 1
    outer loop
      vertex 69.3565 9.92844 4.4
      vertex 69.3565 5.87156 4.4
      vertex 69.9 5.8 4.4
    endloop
  endfacet
  facet normal -0 0 1
    outer loop
      vertex 68.85 9.71865 4.4
      vertex 69.3565 5.87156 4.4
      vertex 69.3565 9.92844 4.4
    endloop
  endfacet
  facet normal 0 0 1
    outer loop
      vertex 68.85 9.71865 4.4
      vertex 68.85 6.08135 4.4
      vertex 69.3565 5.87156 4.4
    endloop
  endfacet
  facet normal -0 0 1
    outer loop
      vertex 68.4151 9.38492 4.4
      vertex 68.85 6.08135 4.4
      vertex 68.85 9.71865 4.4
    endloop
  endfacet
  facet normal 0 0 1
    outer loop
      vertex 68.4151 9.38492 4.4
      vertex 68.4151 6.41508 4.4
      vertex 68.85 6.08135 4.4
    endloop
  endfacet
  facet normal -0 0 1
    outer loop
      vertex 68.0813 8.95 4.4
      vertex 68.4151 6.41508 4.4
      vertex 68.4151 9.38492 4.4
    endloop
  endfacet
  facet normal 0 0 1
    outer loop
      vertex 68.0813 8.95 4.4
      vertex 68.0813 6.85 4.4
      vertex 68.4151 6.41508 4.4
    endloop
  endfacet
  facet normal -0 0 1
    outer loop
      vertex 67.8716 8.44352 4.4
      vertex 68.0813 6.85 4.4
      vertex 68.0813 8.95 4.4
    endloop
  endfacet
  facet normal 0 0 1
    outer loop
      vertex 67.8716 8.44352 4.4
      vertex 67.8716 7.35648 4.4
      vertex 68.0813 6.85 4.4
    endloop
  endfacet
  facet normal 0 -0 1
    outer loop
      vertex 67.8716 7.35648 4.4
      vertex 67.8716 8.44352 4.4
      vertex 67.8 7.9 4.4
    endloop
  endfacet
  facet normal 0.923938 -0.382542 0
    outer loop
      vertex 67.8716 8.44352 10.4
      vertex 68.0813 8.95 4.4
      vertex 68.0813 8.95 10.4
    endloop
  endfacet
  facet normal 0.923938 -0.382542 0
    outer loop
      vertex 68.0813 8.95 4.4
      vertex 67.8716 8.44352 10.4
      vertex 67.8716 8.44352 4.4
    endloop
  endfacet
  facet normal 0.471742 0.881737 -0
    outer loop
      vertex 10.1223 103.226 2.4
      vertex 9.43073 103.596 10.4
      vertex 10.1223 103.226 10.4
    endloop
  endfacet
  facet normal 0.471742 0.881737 0
    outer loop
      vertex 9.43073 103.596 10.4
      vertex 10.1223 103.226 2.4
      vertex 9.43073 103.596 2.4
    endloop
  endfacet
  facet normal 0.957016 0.290036 0
    outer loop
      vertex 11.8231 100.68 10.4
      vertex 11.5955 101.431 2.4
      vertex 11.5955 101.431 10.4
    endloop
  endfacet
  facet normal 0.957016 0.290036 0
    outer loop
      vertex 11.5955 101.431 2.4
      vertex 11.8231 100.68 10.4
      vertex 11.8231 100.68 2.4
    endloop
  endfacet
  facet normal 0.995175 0.0981141 0
    outer loop
      vertex 11.9 99.9 10.4
      vertex 11.8231 100.68 2.4
      vertex 11.8231 100.68 10.4
    endloop
  endfacet
  facet normal 0.995175 0.0981141 0
    outer loop
      vertex 11.8231 100.68 2.4
      vertex 11.9 99.9 10.4
      vertex 11.9 99.9 2.4
    endloop
  endfacet
  facet normal 0.881787 0.471648 0
    outer loop
      vertex 11.5955 101.431 10.4
      vertex 11.2259 102.122 2.4
      vertex 11.2259 102.122 10.4
    endloop
  endfacet
  facet normal 0.881787 0.471648 0
    outer loop
      vertex 11.2259 102.122 2.4
      vertex 11.5955 101.431 10.4
      vertex 11.5955 101.431 2.4
    endloop
  endfacet
  facet normal 0.0981955 0.995167 -0
    outer loop
      vertex 8.68036 103.823 2.4
      vertex 7.9 103.9 10.4
      vertex 8.68036 103.823 10.4
    endloop
  endfacet
  facet normal 0.0981955 0.995167 0
    outer loop
      vertex 7.9 103.9 10.4
      vertex 8.68036 103.823 2.4
      vertex 7.9 103.9 2.4
    endloop
  endfacet
  facet normal 0.0980692 -0.99518 0
    outer loop
      vertex 7.9 95.9 2.4
      vertex 8.68036 95.9769 10.4
      vertex 7.9 95.9 10.4
    endloop
  endfacet
  facet normal 0.0980692 -0.99518 0
    outer loop
      vertex 8.68036 95.9769 10.4
      vertex 7.9 95.9 2.4
      vertex 8.68036 95.9769 2.4
    endloop
  endfacet
  facet normal 0.289558 0.957161 -0
    outer loop
      vertex 9.43073 103.596 2.4
      vertex 8.68036 103.823 10.4
      vertex 9.43073 103.596 10.4
    endloop
  endfacet
  facet normal 0.289558 0.957161 0
    outer loop
      vertex 8.68036 103.823 10.4
      vertex 9.43073 103.596 2.4
      vertex 8.68036 103.823 2.4
    endloop
  endfacet
  facet normal 0.63484 0.772644 -0
    outer loop
      vertex 10.7284 102.728 2.4
      vertex 10.1223 103.226 10.4
      vertex 10.7284 102.728 10.4
    endloop
  endfacet
  facet normal 0.63484 0.772644 0
    outer loop
      vertex 10.1223 103.226 10.4
      vertex 10.7284 102.728 2.4
      vertex 10.1223 103.226 2.4
    endloop
  endfacet
  facet normal 0.772956 -0.634459 0
    outer loop
      vertex 10.7284 97.0716 10.4
      vertex 11.2259 97.6777 2.4
      vertex 11.2259 97.6777 10.4
    endloop
  endfacet
  facet normal 0.772956 -0.634459 0
    outer loop
      vertex 11.2259 97.6777 2.4
      vertex 10.7284 97.0716 10.4
      vertex 10.7284 97.0716 2.4
    endloop
  endfacet
  facet normal -0.634809 0.772669 0
    outer loop
      vertex 5.67772 103.226 2.4
      vertex 5.07157 102.728 10.4
      vertex 5.67772 103.226 10.4
    endloop
  endfacet
  facet normal -0.634809 0.772669 0
    outer loop
      vertex 5.07157 102.728 10.4
      vertex 5.67772 103.226 2.4
      vertex 5.07157 102.728 2.4
    endloop
  endfacet
  facet normal 0.471345 -0.881949 0
    outer loop
      vertex 9.43073 96.2045 2.4
      vertex 10.1223 96.5741 10.4
      vertex 9.43073 96.2045 10.4
    endloop
  endfacet
  facet normal 0.471345 -0.881949 0
    outer loop
      vertex 10.1223 96.5741 10.4
      vertex 9.43073 96.2045 2.4
      vertex 10.1223 96.5741 2.4
    endloop
  endfacet
  facet normal -0.881936 -0.471369 0
    outer loop
      vertex 4.57412 97.6777 2.4
      vertex 4.20448 98.3693 10.4
      vertex 4.20448 98.3693 2.4
    endloop
  endfacet
  facet normal -0.881936 -0.471369 0
    outer loop
      vertex 4.20448 98.3693 10.4
      vertex 4.57412 97.6777 2.4
      vertex 4.57412 97.6777 10.4
    endloop
  endfacet
  facet normal 0.99518 -0.0980643 0
    outer loop
      vertex 11.8231 99.1196 10.4
      vertex 11.9 99.9 2.4
      vertex 11.9 99.9 10.4
    endloop
  endfacet
  facet normal 0.99518 -0.0980643 0
    outer loop
      vertex 11.9 99.9 2.4
      vertex 11.8231 99.1196 10.4
      vertex 11.8231 99.1196 2.4
    endloop
  endfacet
  facet normal -0.289558 0.957161 0
    outer loop
      vertex 7.11964 103.823 2.4
      vertex 6.36927 103.596 10.4
      vertex 7.11964 103.823 10.4
    endloop
  endfacet
  facet normal -0.289558 0.957161 0
    outer loop
      vertex 6.36927 103.596 10.4
      vertex 7.11964 103.823 2.4
      vertex 6.36927 103.596 2.4
    endloop
  endfacet
  facet normal -0.0980692 -0.99518 0
    outer loop
      vertex 7.11964 95.9769 2.4
      vertex 7.9 95.9 10.4
      vertex 7.11964 95.9769 10.4
    endloop
  endfacet
  facet normal -0.0980692 -0.99518 -0
    outer loop
      vertex 7.9 95.9 10.4
      vertex 7.11964 95.9769 2.4
      vertex 7.9 95.9 2.4
    endloop
  endfacet
  facet normal 0 0 -1
    outer loop
      vertex 11.8231 99.1196 2.4
      vertex 11.8231 100.68 2.4
      vertex 11.9 99.9 2.4
    endloop
  endfacet
  facet normal 0 0 -1
    outer loop
      vertex 11.5955 98.3693 2.4
      vertex 11.8231 100.68 2.4
      vertex 11.8231 99.1196 2.4
    endloop
  endfacet
  facet normal 0 0 -1
    outer loop
      vertex 11.5955 98.3693 2.4
      vertex 11.5955 101.431 2.4
      vertex 11.8231 100.68 2.4
    endloop
  endfacet
  facet normal 0 0 -1
    outer loop
      vertex 11.2259 97.6777 2.4
      vertex 11.5955 101.431 2.4
      vertex 11.5955 98.3693 2.4
    endloop
  endfacet
  facet normal 0 0 -1
    outer loop
      vertex 11.2259 97.6777 2.4
      vertex 11.2259 102.122 2.4
      vertex 11.5955 101.431 2.4
    endloop
  endfacet
  facet normal 0 0 -1
    outer loop
      vertex 10.7284 97.0716 2.4
      vertex 11.2259 102.122 2.4
      vertex 11.2259 97.6777 2.4
    endloop
  endfacet
  facet normal 0 0 -1
    outer loop
      vertex 10.7284 97.0716 2.4
      vertex 10.7284 102.728 2.4
      vertex 11.2259 102.122 2.4
    endloop
  endfacet
  facet normal 0 0 -1
    outer loop
      vertex 10.1223 96.5741 2.4
      vertex 10.7284 102.728 2.4
      vertex 10.7284 97.0716 2.4
    endloop
  endfacet
  facet normal 0 0 -1
    outer loop
      vertex 10.1223 96.5741 2.4
      vertex 10.1223 103.226 2.4
      vertex 10.7284 102.728 2.4
    endloop
  endfacet
  facet normal 0 0 -1
    outer loop
      vertex 9.43073 96.2045 2.4
      vertex 10.1223 103.226 2.4
      vertex 10.1223 96.5741 2.4
    endloop
  endfacet
  facet normal 0 0 -1
    outer loop
      vertex 9.43073 96.2045 2.4
      vertex 9.43073 103.596 2.4
      vertex 10.1223 103.226 2.4
    endloop
  endfacet
  facet normal 0 0 -1
    outer loop
      vertex 8.68036 95.9769 2.4
      vertex 9.43073 103.596 2.4
      vertex 9.43073 96.2045 2.4
    endloop
  endfacet
  facet normal 0 0 -1
    outer loop
      vertex 8.68036 95.9769 2.4
      vertex 8.68036 103.823 2.4
      vertex 9.43073 103.596 2.4
    endloop
  endfacet
  facet normal 0 0 -1
    outer loop
      vertex 7.9 95.9 2.4
      vertex 8.68036 103.823 2.4
      vertex 8.68036 95.9769 2.4
    endloop
  endfacet
  facet normal 0 0 -1
    outer loop
      vertex 7.9 95.9 2.4
      vertex 7.9 103.9 2.4
      vertex 8.68036 103.823 2.4
    endloop
  endfacet
  facet normal 0 0 -1
    outer loop
      vertex 7.11964 95.9769 2.4
      vertex 7.9 103.9 2.4
      vertex 7.9 95.9 2.4
    endloop
  endfacet
  facet normal 0 0 -1
    outer loop
      vertex 7.11964 95.9769 2.4
      vertex 7.11964 103.823 2.4
      vertex 7.9 103.9 2.4
    endloop
  endfacet
  facet normal 0 0 -1
    outer loop
      vertex 6.36927 96.2045 2.4
      vertex 7.11964 103.823 2.4
      vertex 7.11964 95.9769 2.4
    endloop
  endfacet
  facet normal 0 0 -1
    outer loop
      vertex 6.36927 96.2045 2.4
      vertex 6.36927 103.596 2.4
      vertex 7.11964 103.823 2.4
    endloop
  endfacet
  facet normal 0 0 -1
    outer loop
      vertex 5.67772 96.5741 2.4
      vertex 6.36927 103.596 2.4
      vertex 6.36927 96.2045 2.4
    endloop
  endfacet
  facet normal 0 0 -1
    outer loop
      vertex 5.67772 96.5741 2.4
      vertex 5.67772 103.226 2.4
      vertex 6.36927 103.596 2.4
    endloop
  endfacet
  facet normal 0 0 -1
    outer loop
      vertex 5.07157 97.0716 2.4
      vertex 5.67772 103.226 2.4
      vertex 5.67772 96.5741 2.4
    endloop
  endfacet
  facet normal 0 0 -1
    outer loop
      vertex 5.07157 97.0716 2.4
      vertex 5.07157 102.728 2.4
      vertex 5.67772 103.226 2.4
    endloop
  endfacet
  facet normal 0 0 -1
    outer loop
      vertex 4.57412 97.6777 2.4
      vertex 5.07157 102.728 2.4
      vertex 5.07157 97.0716 2.4
    endloop
  endfacet
  facet normal 0 0 -1
    outer loop
      vertex 4.57412 97.6777 2.4
      vertex 4.57412 102.122 2.4
      vertex 5.07157 102.728 2.4
    endloop
  endfacet
  facet normal 0 0 -1
    outer loop
      vertex 4.20448 98.3693 2.4
      vertex 4.57412 102.122 2.4
      vertex 4.57412 97.6777 2.4
    endloop
  endfacet
  facet normal 0 0 -1
    outer loop
      vertex 4.20448 98.3693 2.4
      vertex 4.20448 101.431 2.4
      vertex 4.57412 102.122 2.4
    endloop
  endfacet
  facet normal 0 0 -1
    outer loop
      vertex 3.97686 99.1196 2.4
      vertex 4.20448 101.431 2.4
      vertex 4.20448 98.3693 2.4
    endloop
  endfacet
  facet normal 0 0 -1
    outer loop
      vertex 3.97686 99.1196 2.4
      vertex 3.97686 100.68 2.4
      vertex 4.20448 101.431 2.4
    endloop
  endfacet
  facet normal 0 -0 -1
    outer loop
      vertex 3.97686 100.68 2.4
      vertex 3.97686 99.1196 2.4
      vertex 3.9 99.9 2.4
    endloop
  endfacet
  facet normal -0.881766 0.471687 0
    outer loop
      vertex 4.20448 101.431 2.4
      vertex 4.57412 102.122 10.4
      vertex 4.57412 102.122 2.4
    endloop
  endfacet
  facet normal -0.881766 0.471687 0
    outer loop
      vertex 4.57412 102.122 10.4
      vertex 4.20448 101.431 2.4
      vertex 4.20448 101.431 10.4
    endloop
  endfacet
  facet normal 0.290259 -0.956948 0
    outer loop
      vertex 8.68036 95.9769 2.4
      vertex 9.43073 96.2045 10.4
      vertex 8.68036 95.9769 10.4
    endloop
  endfacet
  facet normal 0.290259 -0.956948 0
    outer loop
      vertex 9.43073 96.2045 10.4
      vertex 8.68036 95.9769 2.4
      vertex 9.43073 96.2045 2.4
    endloop
  endfacet
  facet normal 0 0 1
    outer loop
      vertex 10 99.9 10.4
      vertex 11.9 99.9 10.4
      vertex 11.8231 100.68 10.4
    endloop
  endfacet
  facet normal 0 0 1
    outer loop
      vertex 9.92844 100.444 10.4
      vertex 11.8231 100.68 10.4
      vertex 11.5955 101.431 10.4
    endloop
  endfacet
  facet normal 0 0 1
    outer loop
      vertex 11.9 99.9 10.4
      vertex 10 99.9 10.4
      vertex 11.8231 99.1196 10.4
    endloop
  endfacet
  facet normal 0 0 1
    outer loop
      vertex 9.71865 100.95 10.4
      vertex 11.5955 101.431 10.4
      vertex 11.2259 102.122 10.4
    endloop
  endfacet
  facet normal -0 0 1
    outer loop
      vertex 9.92844 99.3565 10.4
      vertex 11.8231 99.1196 10.4
      vertex 10 99.9 10.4
    endloop
  endfacet
  facet normal 0 0 1
    outer loop
      vertex 9.38492 101.385 10.4
      vertex 11.2259 102.122 10.4
      vertex 10.7284 102.728 10.4
    endloop
  endfacet
  facet normal 0 0 1
    outer loop
      vertex 11.8231 99.1196 10.4
      vertex 9.92844 99.3565 10.4
      vertex 11.5955 98.3693 10.4
    endloop
  endfacet
  facet normal 0 0 1
    outer loop
      vertex 9.38492 101.385 10.4
      vertex 10.7284 102.728 10.4
      vertex 10.1223 103.226 10.4
    endloop
  endfacet
  facet normal -0 0 1
    outer loop
      vertex 9.71865 98.85 10.4
      vertex 11.5955 98.3693 10.4
      vertex 9.92844 99.3565 10.4
    endloop
  endfacet
  facet normal 0 0 1
    outer loop
      vertex 11.5955 98.3693 10.4
      vertex 9.71865 98.85 10.4
      vertex 11.2259 97.6777 10.4
    endloop
  endfacet
  facet normal 0 0 1
    outer loop
      vertex 11.8231 100.68 10.4
      vertex 9.92844 100.444 10.4
      vertex 10 99.9 10.4
    endloop
  endfacet
  facet normal 0 0 1
    outer loop
      vertex 11.5955 101.431 10.4
      vertex 9.71865 100.95 10.4
      vertex 9.92844 100.444 10.4
    endloop
  endfacet
  facet normal 0 0 1
    outer loop
      vertex 8.95 101.719 10.4
      vertex 10.1223 103.226 10.4
      vertex 9.43073 103.596 10.4
    endloop
  endfacet
  facet normal 0 0 1
    outer loop
      vertex 11.2259 102.122 10.4
      vertex 9.38492 101.385 10.4
      vertex 9.71865 100.95 10.4
    endloop
  endfacet
  facet normal 0 0 1
    outer loop
      vertex 10.1223 103.226 10.4
      vertex 8.95 101.719 10.4
      vertex 9.38492 101.385 10.4
    endloop
  endfacet
  facet normal 0 0 1
    outer loop
      vertex 8.44352 101.928 10.4
      vertex 9.43073 103.596 10.4
      vertex 8.68036 103.823 10.4
    endloop
  endfacet
  facet normal 0 0 1
    outer loop
      vertex 9.43073 103.596 10.4
      vertex 8.44352 101.928 10.4
      vertex 8.95 101.719 10.4
    endloop
  endfacet
  facet normal 0 0 1
    outer loop
      vertex 7.9 102 10.4
      vertex 8.68036 103.823 10.4
      vertex 7.9 103.9 10.4
    endloop
  endfacet
  facet normal 0 0 1
    outer loop
      vertex 8.68036 103.823 10.4
      vertex 7.9 102 10.4
      vertex 8.44352 101.928 10.4
    endloop
  endfacet
  facet normal -0 0 1
    outer loop
      vertex 7.11964 103.823 10.4
      vertex 7.9 102 10.4
      vertex 7.9 103.9 10.4
    endloop
  endfacet
  facet normal 0 0 1
    outer loop
      vertex 7.9 102 10.4
      vertex 7.11964 103.823 10.4
      vertex 7.35648 101.928 10.4
    endloop
  endfacet
  facet normal -0 0 1
    outer loop
      vertex 6.36927 103.596 10.4
      vertex 7.35648 101.928 10.4
      vertex 7.11964 103.823 10.4
    endloop
  endfacet
  facet normal 0 0 1
    outer loop
      vertex 7.35648 101.928 10.4
      vertex 6.36927 103.596 10.4
      vertex 6.85 101.719 10.4
    endloop
  endfacet
  facet normal -0 0 1
    outer loop
      vertex 5.67772 103.226 10.4
      vertex 6.85 101.719 10.4
      vertex 6.36927 103.596 10.4
    endloop
  endfacet
  facet normal 0 0 1
    outer loop
      vertex 6.85 101.719 10.4
      vertex 5.67772 103.226 10.4
      vertex 6.41508 101.385 10.4
    endloop
  endfacet
  facet normal -0 0 1
    outer loop
      vertex 5.07157 102.728 10.4
      vertex 6.41508 101.385 10.4
      vertex 5.67772 103.226 10.4
    endloop
  endfacet
  facet normal 0 0 1
    outer loop
      vertex 6.41508 101.385 10.4
      vertex 4.57412 102.122 10.4
      vertex 6.08135 100.95 10.4
    endloop
  endfacet
  facet normal -0 0 1
    outer loop
      vertex 4.57412 102.122 10.4
      vertex 6.41508 101.385 10.4
      vertex 5.07157 102.728 10.4
    endloop
  endfacet
  facet normal -0 0 1
    outer loop
      vertex 9.38492 98.4151 10.4
      vertex 11.2259 97.6777 10.4
      vertex 9.71865 98.85 10.4
    endloop
  endfacet
  facet normal 0 0 1
    outer loop
      vertex 11.2259 97.6777 10.4
      vertex 9.38492 98.4151 10.4
      vertex 10.7284 97.0716 10.4
    endloop
  endfacet
  facet normal 0 0 1
    outer loop
      vertex 10.7284 97.0716 10.4
      vertex 9.38492 98.4151 10.4
      vertex 10.1223 96.5741 10.4
    endloop
  endfacet
  facet normal -0 0 1
    outer loop
      vertex 8.95 98.0813 10.4
      vertex 10.1223 96.5741 10.4
      vertex 9.38492 98.4151 10.4
    endloop
  endfacet
  facet normal 0 0 1
    outer loop
      vertex 10.1223 96.5741 10.4
      vertex 8.95 98.0813 10.4
      vertex 9.43073 96.2045 10.4
    endloop
  endfacet
  facet normal -0 0 1
    outer loop
      vertex 8.44352 97.8716 10.4
      vertex 9.43073 96.2045 10.4
      vertex 8.95 98.0813 10.4
    endloop
  endfacet
  facet normal 0 0 1
    outer loop
      vertex 9.43073 96.2045 10.4
      vertex 8.44352 97.8716 10.4
      vertex 8.68036 95.9769 10.4
    endloop
  endfacet
  facet normal -0 0 1
    outer loop
      vertex 7.9 97.8 10.4
      vertex 8.68036 95.9769 10.4
      vertex 8.44352 97.8716 10.4
    endloop
  endfacet
  facet normal 0 0 1
    outer loop
      vertex 7.9 97.8 10.4
      vertex 7.9 95.9 10.4
      vertex 8.68036 95.9769 10.4
    endloop
  endfacet
  facet normal 0 0 1
    outer loop
      vertex 7.11964 95.9769 10.4
      vertex 7.9 97.8 10.4
      vertex 7.35648 97.8716 10.4
    endloop
  endfacet
  facet normal 0 0 1
    outer loop
      vertex 7.9 97.8 10.4
      vertex 7.11964 95.9769 10.4
      vertex 7.9 95.9 10.4
    endloop
  endfacet
  facet normal 0 0 1
    outer loop
      vertex 6.36927 96.2045 10.4
      vertex 7.35648 97.8716 10.4
      vertex 6.85 98.0813 10.4
    endloop
  endfacet
  facet normal 0 0 1
    outer loop
      vertex 5.67772 96.5741 10.4
      vertex 6.85 98.0813 10.4
      vertex 6.41508 98.4151 10.4
    endloop
  endfacet
  facet normal 0 0 1
    outer loop
      vertex 7.35648 97.8716 10.4
      vertex 6.36927 96.2045 10.4
      vertex 7.11964 95.9769 10.4
    endloop
  endfacet
  facet normal 0 0 1
    outer loop
      vertex 4.57412 97.6777 10.4
      vertex 6.41508 98.4151 10.4
      vertex 6.08135 98.85 10.4
    endloop
  endfacet
  facet normal 0 0 1
    outer loop
      vertex 4.20448 98.3693 10.4
      vertex 6.08135 98.85 10.4
      vertex 5.87156 99.3565 10.4
    endloop
  endfacet
  facet normal 0 0 1
    outer loop
      vertex 6.85 98.0813 10.4
      vertex 5.67772 96.5741 10.4
      vertex 6.36927 96.2045 10.4
    endloop
  endfacet
  facet normal 0 0 1
    outer loop
      vertex 3.97686 99.1196 10.4
      vertex 5.87156 99.3565 10.4
      vertex 5.8 99.9 10.4
    endloop
  endfacet
  facet normal -0 0 1
    outer loop
      vertex 4.20448 101.431 10.4
      vertex 6.08135 100.95 10.4
      vertex 4.57412 102.122 10.4
    endloop
  endfacet
  facet normal 0 0 1
    outer loop
      vertex 6.08135 100.95 10.4
      vertex 4.20448 101.431 10.4
      vertex 5.87156 100.444 10.4
    endloop
  endfacet
  facet normal 0 0 1
    outer loop
      vertex 6.41508 98.4151 10.4
      vertex 5.07157 97.0716 10.4
      vertex 5.67772 96.5741 10.4
    endloop
  endfacet
  facet normal -0 0 1
    outer loop
      vertex 3.97686 100.68 10.4
      vertex 5.87156 100.444 10.4
      vertex 4.20448 101.431 10.4
    endloop
  endfacet
  facet normal 0 0 1
    outer loop
      vertex 6.41508 98.4151 10.4
      vertex 4.57412 97.6777 10.4
      vertex 5.07157 97.0716 10.4
    endloop
  endfacet
  facet normal 0 0 1
    outer loop
      vertex 5.87156 100.444 10.4
      vertex 3.97686 100.68 10.4
      vertex 5.8 99.9 10.4
    endloop
  endfacet
  facet normal 0 0 1
    outer loop
      vertex 6.08135 98.85 10.4
      vertex 4.20448 98.3693 10.4
      vertex 4.57412 97.6777 10.4
    endloop
  endfacet
  facet normal 0 0 1
    outer loop
      vertex 3.9 99.9 10.4
      vertex 5.8 99.9 10.4
      vertex 3.97686 100.68 10.4
    endloop
  endfacet
  facet normal 0 0 1
    outer loop
      vertex 5.87156 99.3565 10.4
      vertex 3.97686 99.1196 10.4
      vertex 4.20448 98.3693 10.4
    endloop
  endfacet
  facet normal 0 0 1
    outer loop
      vertex 5.8 99.9 10.4
      vertex 3.9 99.9 10.4
      vertex 3.97686 99.1196 10.4
    endloop
  endfacet
  facet normal -0.290259 -0.956948 0
    outer loop
      vertex 6.36927 96.2045 2.4
      vertex 7.11964 95.9769 10.4
      vertex 6.36927 96.2045 10.4
    endloop
  endfacet
  facet normal -0.290259 -0.956948 -0
    outer loop
      vertex 7.11964 95.9769 10.4
      vertex 6.36927 96.2045 2.4
      vertex 7.11964 95.9769 2.4
    endloop
  endfacet
  facet normal 0.956941 -0.290283 0
    outer loop
      vertex 11.5955 98.3693 10.4
      vertex 11.8231 99.1196 2.4
      vertex 11.8231 99.1196 10.4
    endloop
  endfacet
  facet normal 0.956941 -0.290283 0
    outer loop
      vertex 11.8231 99.1196 2.4
      vertex 11.5955 98.3693 10.4
      vertex 11.5955 98.3693 2.4
    endloop
  endfacet
  facet normal 0.772905 0.634522 0
    outer loop
      vertex 11.2259 102.122 10.4
      vertex 10.7284 102.728 2.4
      vertex 10.7284 102.728 10.4
    endloop
  endfacet
  facet normal 0.772905 0.634522 0
    outer loop
      vertex 10.7284 102.728 2.4
      vertex 11.2259 102.122 10.4
      vertex 11.2259 102.122 2.4
    endloop
  endfacet
  facet normal -0.99518 0.0980635 0
    outer loop
      vertex 3.9 99.9 2.4
      vertex 3.97686 100.68 10.4
      vertex 3.97686 100.68 2.4
    endloop
  endfacet
  facet normal -0.99518 0.0980635 0
    outer loop
      vertex 3.97686 100.68 10.4
      vertex 3.9 99.9 2.4
      vertex 3.9 99.9 10.4
    endloop
  endfacet
  facet normal 0.634459 -0.772956 0
    outer loop
      vertex 10.1223 96.5741 2.4
      vertex 10.7284 97.0716 10.4
      vertex 10.1223 96.5741 10.4
    endloop
  endfacet
  facet normal 0.634459 -0.772956 0
    outer loop
      vertex 10.7284 97.0716 10.4
      vertex 10.1223 96.5741 2.4
      vertex 10.7284 97.0716 2.4
    endloop
  endfacet
  facet normal -0.471753 0.881731 0
    outer loop
      vertex 6.36927 103.596 2.4
      vertex 5.67772 103.226 10.4
      vertex 6.36927 103.596 10.4
    endloop
  endfacet
  facet normal -0.471753 0.881731 0
    outer loop
      vertex 5.67772 103.226 10.4
      vertex 6.36927 103.596 2.4
      vertex 5.67772 103.226 2.4
    endloop
  endfacet
  facet normal -0.634428 -0.772982 0
    outer loop
      vertex 5.07157 97.0716 2.4
      vertex 5.67772 96.5741 10.4
      vertex 5.07157 97.0716 10.4
    endloop
  endfacet
  facet normal -0.634428 -0.772982 -0
    outer loop
      vertex 5.67772 96.5741 10.4
      vertex 5.07157 97.0716 2.4
      vertex 5.67772 96.5741 2.4
    endloop
  endfacet
  facet normal -0.0981955 0.995167 0
    outer loop
      vertex 7.9 103.9 2.4
      vertex 7.11964 103.823 10.4
      vertex 7.9 103.9 10.4
    endloop
  endfacet
  facet normal -0.0981955 0.995167 0
    outer loop
      vertex 7.11964 103.823 10.4
      vertex 7.9 103.9 2.4
      vertex 7.11964 103.823 2.4
    endloop
  endfacet
  facet normal 0.881957 -0.471329 0
    outer loop
      vertex 11.2259 97.6777 10.4
      vertex 11.5955 98.3693 2.4
      vertex 11.5955 98.3693 10.4
    endloop
  endfacet
  facet normal 0.881957 -0.471329 0
    outer loop
      vertex 11.5955 98.3693 2.4
      vertex 11.2259 97.6777 10.4
      vertex 11.2259 97.6777 2.4
    endloop
  endfacet
  facet normal -0.956934 -0.290307 0
    outer loop
      vertex 4.20448 98.3693 2.4
      vertex 3.97686 99.1196 10.4
      vertex 3.97686 99.1196 2.4
    endloop
  endfacet
  facet normal -0.956934 -0.290307 0
    outer loop
      vertex 3.97686 99.1196 10.4
      vertex 4.20448 98.3693 2.4
      vertex 4.20448 98.3693 10.4
    endloop
  endfacet
  facet normal -0.995185 -0.0980137 0
    outer loop
      vertex 3.97686 99.1196 2.4
      vertex 3.9 99.9 10.4
      vertex 3.9 99.9 2.4
    endloop
  endfacet
  facet normal -0.995185 -0.0980137 0
    outer loop
      vertex 3.9 99.9 10.4
      vertex 3.97686 99.1196 2.4
      vertex 3.97686 99.1196 10.4
    endloop
  endfacet
  facet normal -0.772988 -0.634421 0
    outer loop
      vertex 5.07157 97.0716 2.4
      vertex 4.57412 97.6777 10.4
      vertex 4.57412 97.6777 2.4
    endloop
  endfacet
  facet normal -0.772988 -0.634421 0
    outer loop
      vertex 4.57412 97.6777 10.4
      vertex 5.07157 97.0716 2.4
      vertex 5.07157 97.0716 10.4
    endloop
  endfacet
  facet normal -0.772936 0.634484 0
    outer loop
      vertex 4.57412 102.122 2.4
      vertex 5.07157 102.728 10.4
      vertex 5.07157 102.728 2.4
    endloop
  endfacet
  facet normal -0.772936 0.634484 0
    outer loop
      vertex 5.07157 102.728 10.4
      vertex 4.57412 102.122 2.4
      vertex 4.57412 102.122 10.4
    endloop
  endfacet
  facet normal -0.957009 0.290059 0
    outer loop
      vertex 3.97686 100.68 2.4
      vertex 4.20448 101.431 10.4
      vertex 4.20448 101.431 2.4
    endloop
  endfacet
  facet normal -0.957009 0.290059 0
    outer loop
      vertex 4.20448 101.431 10.4
      vertex 3.97686 100.68 2.4
      vertex 3.97686 100.68 10.4
    endloop
  endfacet
  facet normal -0.471356 -0.881943 0
    outer loop
      vertex 5.67772 96.5741 2.4
      vertex 6.36927 96.2045 10.4
      vertex 5.67772 96.5741 10.4
    endloop
  endfacet
  facet normal -0.471356 -0.881943 -0
    outer loop
      vertex 6.36927 96.2045 10.4
      vertex 5.67772 96.5741 2.4
      vertex 6.36927 96.2045 2.4
    endloop
  endfacet
  facet normal -0.923752 -0.382992 0
    outer loop
      vertex 9.92844 100.444 4.4
      vertex 9.71865 100.95 10.4
      vertex 9.71865 100.95 4.4
    endloop
  endfacet
  facet normal -0.923752 -0.382992 0
    outer loop
      vertex 9.71865 100.95 10.4
      vertex 9.92844 100.444 4.4
      vertex 9.92844 100.444 10.4
    endloop
  endfacet
  facet normal -0.991459 -0.130421 0
    outer loop
      vertex 10 99.9 4.4
      vertex 9.92844 100.444 10.4
      vertex 9.92844 100.444 4.4
    endloop
  endfacet
  facet normal -0.991459 -0.130421 0
    outer loop
      vertex 9.92844 100.444 10.4
      vertex 10 99.9 4.4
      vertex 10 99.9 10.4
    endloop
  endfacet
  facet normal 0.609076 -0.793112 0
    outer loop
      vertex 6.41508 101.385 4.4
      vertex 6.85 101.719 10.4
      vertex 6.41508 101.385 10.4
    endloop
  endfacet
  facet normal 0.609076 -0.793112 0
    outer loop
      vertex 6.85 101.719 10.4
      vertex 6.41508 101.385 4.4
      vertex 6.85 101.719 4.4
    endloop
  endfacet
  facet normal 0.381451 -0.924389 0
    outer loop
      vertex 6.85 101.719 4.4
      vertex 7.35648 101.928 10.4
      vertex 6.85 101.719 10.4
    endloop
  endfacet
  facet normal 0.381451 -0.924389 0
    outer loop
      vertex 7.35648 101.928 10.4
      vertex 6.85 101.719 4.4
      vertex 7.35648 101.928 4.4
    endloop
  endfacet
  facet normal -0.608847 0.793288 0
    outer loop
      vertex 9.38492 98.4151 4.4
      vertex 8.95 98.0813 10.4
      vertex 9.38492 98.4151 10.4
    endloop
  endfacet
  facet normal -0.608847 0.793288 0
    outer loop
      vertex 8.95 98.0813 10.4
      vertex 9.38492 98.4151 4.4
      vertex 8.95 98.0813 4.4
    endloop
  endfacet
  facet normal -0.609076 -0.793112 0
    outer loop
      vertex 8.95 101.719 4.4
      vertex 9.38492 101.385 10.4
      vertex 8.95 101.719 10.4
    endloop
  endfacet
  facet normal -0.609076 -0.793112 -0
    outer loop
      vertex 9.38492 101.385 10.4
      vertex 8.95 101.719 4.4
      vertex 9.38492 101.385 4.4
    endloop
  endfacet
  facet normal 0.991459 -0.130421 0
    outer loop
      vertex 5.8 99.9 10.4
      vertex 5.87156 100.444 4.4
      vertex 5.87156 100.444 10.4
    endloop
  endfacet
  facet normal 0.991459 -0.130421 0
    outer loop
      vertex 5.87156 100.444 4.4
      vertex 5.8 99.9 10.4
      vertex 5.8 99.9 4.4
    endloop
  endfacet
  facet normal 0.130606 0.991434 -0
    outer loop
      vertex 7.9 97.8 4.4
      vertex 7.35648 97.8716 10.4
      vertex 7.9 97.8 10.4
    endloop
  endfacet
  facet normal 0.130606 0.991434 0
    outer loop
      vertex 7.35648 97.8716 10.4
      vertex 7.9 97.8 4.4
      vertex 7.35648 97.8716 4.4
    endloop
  endfacet
  facet normal -0.131323 -0.99134 0
    outer loop
      vertex 7.9 102 4.4
      vertex 8.44352 101.928 10.4
      vertex 7.9 102 10.4
    endloop
  endfacet
  facet normal -0.131323 -0.99134 -0
    outer loop
      vertex 8.44352 101.928 10.4
      vertex 7.9 102 4.4
      vertex 8.44352 101.928 4.4
    endloop
  endfacet
  facet normal -0.381451 -0.924389 0
    outer loop
      vertex 8.44352 101.928 4.4
      vertex 8.95 101.719 10.4
      vertex 8.44352 101.928 10.4
    endloop
  endfacet
  facet normal -0.381451 -0.924389 -0
    outer loop
      vertex 8.95 101.719 10.4
      vertex 8.44352 101.928 4.4
      vertex 8.95 101.719 4.4
    endloop
  endfacet
  facet normal 0.608847 0.793288 -0
    outer loop
      vertex 6.85 98.0813 4.4
      vertex 6.41508 98.4151 10.4
      vertex 6.85 98.0813 10.4
    endloop
  endfacet
  facet normal 0.608847 0.793288 0
    outer loop
      vertex 6.41508 98.4151 10.4
      vertex 6.85 98.0813 4.4
      vertex 6.41508 98.4151 4.4
    endloop
  endfacet
  facet normal -0.793336 0.608784 0
    outer loop
      vertex 9.38492 98.4151 4.4
      vertex 9.71865 98.85 10.4
      vertex 9.71865 98.85 4.4
    endloop
  endfacet
  facet normal -0.793336 0.608784 0
    outer loop
      vertex 9.71865 98.85 10.4
      vertex 9.38492 98.4151 4.4
      vertex 9.38492 98.4151 10.4
    endloop
  endfacet
  facet normal -0.382542 0.923938 0
    outer loop
      vertex 8.95 98.0813 4.4
      vertex 8.44352 97.8716 10.4
      vertex 8.95 98.0813 10.4
    endloop
  endfacet
  facet normal -0.382542 0.923938 0
    outer loop
      vertex 8.44352 97.8716 10.4
      vertex 8.95 98.0813 4.4
      vertex 8.44352 97.8716 4.4
    endloop
  endfacet
  facet normal 0.793404 -0.608696 0
    outer loop
      vertex 6.08135 100.95 10.4
      vertex 6.41508 101.385 4.4
      vertex 6.41508 101.385 10.4
    endloop
  endfacet
  facet normal 0.793404 -0.608696 0
    outer loop
      vertex 6.41508 101.385 4.4
      vertex 6.08135 100.95 10.4
      vertex 6.08135 100.95 4.4
    endloop
  endfacet
  facet normal 0.793336 0.608784 0
    outer loop
      vertex 6.41508 98.4151 10.4
      vertex 6.08135 98.85 4.4
      vertex 6.08135 98.85 10.4
    endloop
  endfacet
  facet normal 0.793336 0.608784 0
    outer loop
      vertex 6.08135 98.85 4.4
      vertex 6.41508 98.4151 10.4
      vertex 6.41508 98.4151 4.4
    endloop
  endfacet
  facet normal -0.991443 0.130539 0
    outer loop
      vertex 9.92844 99.3565 4.4
      vertex 10 99.9 10.4
      vertex 10 99.9 4.4
    endloop
  endfacet
  facet normal -0.991443 0.130539 0
    outer loop
      vertex 10 99.9 10.4
      vertex 9.92844 99.3565 4.4
      vertex 9.92844 99.3565 10.4
    endloop
  endfacet
  facet normal 0.131323 -0.99134 0
    outer loop
      vertex 7.35648 101.928 4.4
      vertex 7.9 102 10.4
      vertex 7.35648 101.928 10.4
    endloop
  endfacet
  facet normal 0.131323 -0.99134 0
    outer loop
      vertex 7.9 102 10.4
      vertex 7.35648 101.928 4.4
      vertex 7.9 102 4.4
    endloop
  endfacet
  facet normal 0.923885 0.382669 0
    outer loop
      vertex 6.08135 98.85 10.4
      vertex 5.87156 99.3565 4.4
      vertex 5.87156 99.3565 10.4
    endloop
  endfacet
  facet normal 0.923885 0.382669 0
    outer loop
      vertex 5.87156 99.3565 4.4
      vertex 6.08135 98.85 10.4
      vertex 6.08135 98.85 4.4
    endloop
  endfacet
  facet normal 0.991443 0.130539 0
    outer loop
      vertex 5.87156 99.3565 10.4
      vertex 5.8 99.9 4.4
      vertex 5.8 99.9 10.4
    endloop
  endfacet
  facet normal 0.991443 0.130539 0
    outer loop
      vertex 5.8 99.9 4.4
      vertex 5.87156 99.3565 10.4
      vertex 5.87156 99.3565 4.4
    endloop
  endfacet
  facet normal -0.923885 0.382669 0
    outer loop
      vertex 9.71865 98.85 4.4
      vertex 9.92844 99.3565 10.4
      vertex 9.92844 99.3565 4.4
    endloop
  endfacet
  facet normal -0.923885 0.382669 0
    outer loop
      vertex 9.92844 99.3565 10.4
      vertex 9.71865 98.85 4.4
      vertex 9.71865 98.85 10.4
    endloop
  endfacet
  facet normal 0.382542 0.923938 -0
    outer loop
      vertex 7.35648 97.8716 4.4
      vertex 6.85 98.0813 10.4
      vertex 7.35648 97.8716 10.4
    endloop
  endfacet
  facet normal 0.382542 0.923938 0
    outer loop
      vertex 6.85 98.0813 10.4
      vertex 7.35648 97.8716 4.4
      vertex 6.85 98.0813 4.4
    endloop
  endfacet
  facet normal -0.130606 0.991434 0
    outer loop
      vertex 8.44352 97.8716 4.4
      vertex 7.9 97.8 10.4
      vertex 8.44352 97.8716 10.4
    endloop
  endfacet
  facet normal -0.130606 0.991434 0
    outer loop
      vertex 7.9 97.8 10.4
      vertex 8.44352 97.8716 4.4
      vertex 7.9 97.8 4.4
    endloop
  endfacet
  facet normal -0.793404 -0.608696 0
    outer loop
      vertex 9.71865 100.95 4.4
      vertex 9.38492 101.385 10.4
      vertex 9.38492 101.385 4.4
    endloop
  endfacet
  facet normal -0.793404 -0.608696 0
    outer loop
      vertex 9.38492 101.385 10.4
      vertex 9.71865 100.95 4.4
      vertex 9.71865 100.95 10.4
    endloop
  endfacet
  facet normal 0 0 1
    outer loop
      vertex 9.92844 100.444 4.4
      vertex 9.92844 99.3565 4.4
      vertex 10 99.9 4.4
    endloop
  endfacet
  facet normal 0 0 1
    outer loop
      vertex 9.71865 100.95 4.4
      vertex 9.92844 99.3565 4.4
      vertex 9.92844 100.444 4.4
    endloop
  endfacet
  facet normal 0 0 1
    outer loop
      vertex 9.71865 100.95 4.4
      vertex 9.71865 98.85 4.4
      vertex 9.92844 99.3565 4.4
    endloop
  endfacet
  facet normal 0 0 1
    outer loop
      vertex 9.38492 101.385 4.4
      vertex 9.71865 98.85 4.4
      vertex 9.71865 100.95 4.4
    endloop
  endfacet
  facet normal 0 0 1
    outer loop
      vertex 9.38492 101.385 4.4
      vertex 9.38492 98.4151 4.4
      vertex 9.71865 98.85 4.4
    endloop
  endfacet
  facet normal 0 0 1
    outer loop
      vertex 8.95 101.719 4.4
      vertex 9.38492 98.4151 4.4
      vertex 9.38492 101.385 4.4
    endloop
  endfacet
  facet normal 0 0 1
    outer loop
      vertex 8.95 101.719 4.4
      vertex 8.95 98.0813 4.4
      vertex 9.38492 98.4151 4.4
    endloop
  endfacet
  facet normal 0 0 1
    outer loop
      vertex 8.44352 101.928 4.4
      vertex 8.95 98.0813 4.4
      vertex 8.95 101.719 4.4
    endloop
  endfacet
  facet normal 0 0 1
    outer loop
      vertex 8.44352 101.928 4.4
      vertex 8.44352 97.8716 4.4
      vertex 8.95 98.0813 4.4
    endloop
  endfacet
  facet normal 0 0 1
    outer loop
      vertex 7.9 102 4.4
      vertex 8.44352 97.8716 4.4
      vertex 8.44352 101.928 4.4
    endloop
  endfacet
  facet normal 0 0 1
    outer loop
      vertex 7.9 102 4.4
      vertex 7.9 97.8 4.4
      vertex 8.44352 97.8716 4.4
    endloop
  endfacet
  facet normal -0 0 1
    outer loop
      vertex 7.35648 101.928 4.4
      vertex 7.9 97.8 4.4
      vertex 7.9 102 4.4
    endloop
  endfacet
  facet normal 0 0 1
    outer loop
      vertex 7.35648 101.928 4.4
      vertex 7.35648 97.8716 4.4
      vertex 7.9 97.8 4.4
    endloop
  endfacet
  facet normal -0 0 1
    outer loop
      vertex 6.85 101.719 4.4
      vertex 7.35648 97.8716 4.4
      vertex 7.35648 101.928 4.4
    endloop
  endfacet
  facet normal 0 0 1
    outer loop
      vertex 6.85 101.719 4.4
      vertex 6.85 98.0813 4.4
      vertex 7.35648 97.8716 4.4
    endloop
  endfacet
  facet normal -0 0 1
    outer loop
      vertex 6.41508 101.385 4.4
      vertex 6.85 98.0813 4.4
      vertex 6.85 101.719 4.4
    endloop
  endfacet
  facet normal 0 0 1
    outer loop
      vertex 6.41508 101.385 4.4
      vertex 6.41508 98.4151 4.4
      vertex 6.85 98.0813 4.4
    endloop
  endfacet
  facet normal -0 0 1
    outer loop
      vertex 6.08135 100.95 4.4
      vertex 6.41508 98.4151 4.4
      vertex 6.41508 101.385 4.4
    endloop
  endfacet
  facet normal 0 0 1
    outer loop
      vertex 6.08135 100.95 4.4
      vertex 6.08135 98.85 4.4
      vertex 6.41508 98.4151 4.4
    endloop
  endfacet
  facet normal -0 0 1
    outer loop
      vertex 5.87156 100.444 4.4
      vertex 6.08135 98.85 4.4
      vertex 6.08135 100.95 4.4
    endloop
  endfacet
  facet normal 0 0 1
    outer loop
      vertex 5.87156 100.444 4.4
      vertex 5.87156 99.3565 4.4
      vertex 6.08135 98.85 4.4
    endloop
  endfacet
  facet normal 0 -0 1
    outer loop
      vertex 5.87156 99.3565 4.4
      vertex 5.87156 100.444 4.4
      vertex 5.8 99.9 4.4
    endloop
  endfacet
  facet normal 0.923752 -0.382992 0
    outer loop
      vertex 5.87156 100.444 10.4
      vertex 6.08135 100.95 4.4
      vertex 6.08135 100.95 10.4
    endloop
  endfacet
  facet normal 0.923752 -0.382992 0
    outer loop
      vertex 6.08135 100.95 4.4
      vertex 5.87156 100.444 10.4
      vertex 5.87156 100.444 4.4
    endloop
  endfacet
  facet normal 0.471726 0.881745 -0
    outer loop
      vertex 72.1223 103.226 2.4
      vertex 71.4307 103.596 10.4
      vertex 72.1223 103.226 10.4
    endloop
  endfacet
  facet normal 0.471726 0.881745 0
    outer loop
      vertex 71.4307 103.596 10.4
      vertex 72.1223 103.226 2.4
      vertex 71.4307 103.596 2.4
    endloop
  endfacet
  facet normal 0.957016 0.290036 0
    outer loop
      vertex 73.8231 100.68 10.4
      vertex 73.5955 101.431 2.4
      vertex 73.5955 101.431 10.4
    endloop
  endfacet
  facet normal 0.957016 0.290036 0
    outer loop
      vertex 73.5955 101.431 2.4
      vertex 73.8231 100.68 10.4
      vertex 73.8231 100.68 2.4
    endloop
  endfacet
  facet normal 0.995175 0.0981141 0
    outer loop
      vertex 73.9 99.9 10.4
      vertex 73.8231 100.68 2.4
      vertex 73.8231 100.68 10.4
    endloop
  endfacet
  facet normal 0.995175 0.0981141 0
    outer loop
      vertex 73.8231 100.68 2.4
      vertex 73.9 99.9 10.4
      vertex 73.9 99.9 2.4
    endloop
  endfacet
  facet normal 0.881787 0.471648 0
    outer loop
      vertex 73.5955 101.431 10.4
      vertex 73.2259 102.122 2.4
      vertex 73.2259 102.122 10.4
    endloop
  endfacet
  facet normal 0.881787 0.471648 0
    outer loop
      vertex 73.2259 102.122 2.4
      vertex 73.5955 101.431 10.4
      vertex 73.5955 101.431 2.4
    endloop
  endfacet
  facet normal 0.0981906 0.995168 -0
    outer loop
      vertex 70.6804 103.823 2.4
      vertex 69.9 103.9 10.4
      vertex 70.6804 103.823 10.4
    endloop
  endfacet
  facet normal 0.0981906 0.995168 0
    outer loop
      vertex 69.9 103.9 10.4
      vertex 70.6804 103.823 2.4
      vertex 69.9 103.9 2.4
    endloop
  endfacet
  facet normal 0.0980643 -0.99518 0
    outer loop
      vertex 69.9 95.9 2.4
      vertex 70.6804 95.9769 10.4
      vertex 69.9 95.9 10.4
    endloop
  endfacet
  facet normal 0.0980643 -0.99518 0
    outer loop
      vertex 70.6804 95.9769 10.4
      vertex 69.9 95.9 2.4
      vertex 70.6804 95.9769 2.4
    endloop
  endfacet
  facet normal 0.289582 0.957153 -0
    outer loop
      vertex 71.4307 103.596 2.4
      vertex 70.6804 103.823 10.4
      vertex 71.4307 103.596 10.4
    endloop
  endfacet
  facet normal 0.289582 0.957153 0
    outer loop
      vertex 70.6804 103.823 10.4
      vertex 71.4307 103.596 2.4
      vertex 70.6804 103.823 2.4
    endloop
  endfacet
  facet normal 0.63484 0.772644 -0
    outer loop
      vertex 72.7284 102.728 2.4
      vertex 72.1223 103.226 10.4
      vertex 72.7284 102.728 10.4
    endloop
  endfacet
  facet normal 0.63484 0.772644 0
    outer loop
      vertex 72.1223 103.226 10.4
      vertex 72.7284 102.728 2.4
      vertex 72.1223 103.226 2.4
    endloop
  endfacet
  facet normal 0.772956 -0.634459 0
    outer loop
      vertex 72.7284 97.0716 10.4
      vertex 73.2259 97.6777 2.4
      vertex 73.2259 97.6777 10.4
    endloop
  endfacet
  facet normal 0.772956 -0.634459 0
    outer loop
      vertex 73.2259 97.6777 2.4
      vertex 72.7284 97.0716 10.4
      vertex 72.7284 97.0716 2.4
    endloop
  endfacet
  facet normal -0.63484 0.772644 0
    outer loop
      vertex 67.6777 103.226 2.4
      vertex 67.0716 102.728 10.4
      vertex 67.6777 103.226 10.4
    endloop
  endfacet
  facet normal -0.63484 0.772644 0
    outer loop
      vertex 67.0716 102.728 10.4
      vertex 67.6777 103.226 2.4
      vertex 67.0716 102.728 2.4
    endloop
  endfacet
  facet normal 0.471329 -0.881957 0
    outer loop
      vertex 71.4307 96.2045 2.4
      vertex 72.1223 96.5741 10.4
      vertex 71.4307 96.2045 10.4
    endloop
  endfacet
  facet normal 0.471329 -0.881957 0
    outer loop
      vertex 72.1223 96.5741 10.4
      vertex 71.4307 96.2045 2.4
      vertex 72.1223 96.5741 2.4
    endloop
  endfacet
  facet normal -0.881957 -0.471329 0
    outer loop
      vertex 66.5741 97.6777 2.4
      vertex 66.2045 98.3693 10.4
      vertex 66.2045 98.3693 2.4
    endloop
  endfacet
  facet normal -0.881957 -0.471329 0
    outer loop
      vertex 66.2045 98.3693 10.4
      vertex 66.5741 97.6777 2.4
      vertex 66.5741 97.6777 10.4
    endloop
  endfacet
  facet normal 0.99518 -0.0980643 0
    outer loop
      vertex 73.8231 99.1196 10.4
      vertex 73.9 99.9 2.4
      vertex 73.9 99.9 10.4
    endloop
  endfacet
  facet normal 0.99518 -0.0980643 0
    outer loop
      vertex 73.9 99.9 2.4
      vertex 73.8231 99.1196 10.4
      vertex 73.8231 99.1196 2.4
    endloop
  endfacet
  facet normal -0.289582 0.957153 0
    outer loop
      vertex 69.1196 103.823 2.4
      vertex 68.3693 103.596 10.4
      vertex 69.1196 103.823 10.4
    endloop
  endfacet
  facet normal -0.289582 0.957153 0
    outer loop
      vertex 68.3693 103.596 10.4
      vertex 69.1196 103.823 2.4
      vertex 68.3693 103.596 2.4
    endloop
  endfacet
  facet normal -0.0980643 -0.99518 0
    outer loop
      vertex 69.1196 95.9769 2.4
      vertex 69.9 95.9 10.4
      vertex 69.1196 95.9769 10.4
    endloop
  endfacet
  facet normal -0.0980643 -0.99518 -0
    outer loop
      vertex 69.9 95.9 10.4
      vertex 69.1196 95.9769 2.4
      vertex 69.9 95.9 2.4
    endloop
  endfacet
  facet normal 0 0 -1
    outer loop
      vertex 73.8231 99.1196 2.4
      vertex 73.8231 100.68 2.4
      vertex 73.9 99.9 2.4
    endloop
  endfacet
  facet normal 0 0 -1
    outer loop
      vertex 73.5955 98.3693 2.4
      vertex 73.8231 100.68 2.4
      vertex 73.8231 99.1196 2.4
    endloop
  endfacet
  facet normal 0 0 -1
    outer loop
      vertex 73.5955 98.3693 2.4
      vertex 73.5955 101.431 2.4
      vertex 73.8231 100.68 2.4
    endloop
  endfacet
  facet normal 0 0 -1
    outer loop
      vertex 73.2259 97.6777 2.4
      vertex 73.5955 101.431 2.4
      vertex 73.5955 98.3693 2.4
    endloop
  endfacet
  facet normal 0 0 -1
    outer loop
      vertex 73.2259 97.6777 2.4
      vertex 73.2259 102.122 2.4
      vertex 73.5955 101.431 2.4
    endloop
  endfacet
  facet normal 0 0 -1
    outer loop
      vertex 72.7284 97.0716 2.4
      vertex 73.2259 102.122 2.4
      vertex 73.2259 97.6777 2.4
    endloop
  endfacet
  facet normal 0 0 -1
    outer loop
      vertex 72.7284 97.0716 2.4
      vertex 72.7284 102.728 2.4
      vertex 73.2259 102.122 2.4
    endloop
  endfacet
  facet normal 0 0 -1
    outer loop
      vertex 72.1223 96.5741 2.4
      vertex 72.7284 102.728 2.4
      vertex 72.7284 97.0716 2.4
    endloop
  endfacet
  facet normal 0 0 -1
    outer loop
      vertex 72.1223 96.5741 2.4
      vertex 72.1223 103.226 2.4
      vertex 72.7284 102.728 2.4
    endloop
  endfacet
  facet normal 0 0 -1
    outer loop
      vertex 71.4307 96.2045 2.4
      vertex 72.1223 103.226 2.4
      vertex 72.1223 96.5741 2.4
    endloop
  endfacet
  facet normal 0 0 -1
    outer loop
      vertex 71.4307 96.2045 2.4
      vertex 71.4307 103.596 2.4
      vertex 72.1223 103.226 2.4
    endloop
  endfacet
  facet normal 0 0 -1
    outer loop
      vertex 70.6804 95.9769 2.4
      vertex 71.4307 103.596 2.4
      vertex 71.4307 96.2045 2.4
    endloop
  endfacet
  facet normal 0 0 -1
    outer loop
      vertex 70.6804 95.9769 2.4
      vertex 70.6804 103.823 2.4
      vertex 71.4307 103.596 2.4
    endloop
  endfacet
  facet normal 0 0 -1
    outer loop
      vertex 69.9 95.9 2.4
      vertex 70.6804 103.823 2.4
      vertex 70.6804 95.9769 2.4
    endloop
  endfacet
  facet normal 0 0 -1
    outer loop
      vertex 69.9 95.9 2.4
      vertex 69.9 103.9 2.4
      vertex 70.6804 103.823 2.4
    endloop
  endfacet
  facet normal 0 0 -1
    outer loop
      vertex 69.1196 95.9769 2.4
      vertex 69.9 103.9 2.4
      vertex 69.9 95.9 2.4
    endloop
  endfacet
  facet normal 0 0 -1
    outer loop
      vertex 69.1196 95.9769 2.4
      vertex 69.1196 103.823 2.4
      vertex 69.9 103.9 2.4
    endloop
  endfacet
  facet normal 0 0 -1
    outer loop
      vertex 68.3693 96.2045 2.4
      vertex 69.1196 103.823 2.4
      vertex 69.1196 95.9769 2.4
    endloop
  endfacet
  facet normal 0 0 -1
    outer loop
      vertex 68.3693 96.2045 2.4
      vertex 68.3693 103.596 2.4
      vertex 69.1196 103.823 2.4
    endloop
  endfacet
  facet normal 0 0 -1
    outer loop
      vertex 67.6777 96.5741 2.4
      vertex 68.3693 103.596 2.4
      vertex 68.3693 96.2045 2.4
    endloop
  endfacet
  facet normal 0 0 -1
    outer loop
      vertex 67.6777 96.5741 2.4
      vertex 67.6777 103.226 2.4
      vertex 68.3693 103.596 2.4
    endloop
  endfacet
  facet normal 0 0 -1
    outer loop
      vertex 67.0716 97.0716 2.4
      vertex 67.6777 103.226 2.4
      vertex 67.6777 96.5741 2.4
    endloop
  endfacet
  facet normal 0 0 -1
    outer loop
      vertex 67.0716 97.0716 2.4
      vertex 67.0716 102.728 2.4
      vertex 67.6777 103.226 2.4
    endloop
  endfacet
  facet normal 0 0 -1
    outer loop
      vertex 66.5741 97.6777 2.4
      vertex 67.0716 102.728 2.4
      vertex 67.0716 97.0716 2.4
    endloop
  endfacet
  facet normal 0 0 -1
    outer loop
      vertex 66.5741 97.6777 2.4
      vertex 66.5741 102.122 2.4
      vertex 67.0716 102.728 2.4
    endloop
  endfacet
  facet normal 0 0 -1
    outer loop
      vertex 66.2045 98.3693 2.4
      vertex 66.5741 102.122 2.4
      vertex 66.5741 97.6777 2.4
    endloop
  endfacet
  facet normal 0 0 -1
    outer loop
      vertex 66.2045 98.3693 2.4
      vertex 66.2045 101.431 2.4
      vertex 66.5741 102.122 2.4
    endloop
  endfacet
  facet normal 0 0 -1
    outer loop
      vertex 65.9769 99.1196 2.4
      vertex 66.2045 101.431 2.4
      vertex 66.2045 98.3693 2.4
    endloop
  endfacet
  facet normal 0 0 -1
    outer loop
      vertex 65.9769 99.1196 2.4
      vertex 65.9769 100.68 2.4
      vertex 66.2045 101.431 2.4
    endloop
  endfacet
  facet normal 0 -0 -1
    outer loop
      vertex 65.9769 100.68 2.4
      vertex 65.9769 99.1196 2.4
      vertex 65.9 99.9 2.4
    endloop
  endfacet
  facet normal -0.881787 0.471648 0
    outer loop
      vertex 66.2045 101.431 2.4
      vertex 66.5741 102.122 10.4
      vertex 66.5741 102.122 2.4
    endloop
  endfacet
  facet normal -0.881787 0.471648 0
    outer loop
      vertex 66.5741 102.122 10.4
      vertex 66.2045 101.431 2.4
      vertex 66.2045 101.431 10.4
    endloop
  endfacet
  facet normal 0.290283 -0.956941 0
    outer loop
      vertex 70.6804 95.9769 2.4
      vertex 71.4307 96.2045 10.4
      vertex 70.6804 95.9769 10.4
    endloop
  endfacet
  facet normal 0.290283 -0.956941 0
    outer loop
      vertex 71.4307 96.2045 10.4
      vertex 70.6804 95.9769 2.4
      vertex 71.4307 96.2045 2.4
    endloop
  endfacet
  facet normal 0 0 1
    outer loop
      vertex 72 99.9 10.4
      vertex 73.9 99.9 10.4
      vertex 73.8231 100.68 10.4
    endloop
  endfacet
  facet normal 0 0 1
    outer loop
      vertex 71.9284 100.444 10.4
      vertex 73.8231 100.68 10.4
      vertex 73.5955 101.431 10.4
    endloop
  endfacet
  facet normal 0 0 1
    outer loop
      vertex 73.9 99.9 10.4
      vertex 72 99.9 10.4
      vertex 73.8231 99.1196 10.4
    endloop
  endfacet
  facet normal 0 0 1
    outer loop
      vertex 71.7187 100.95 10.4
      vertex 73.5955 101.431 10.4
      vertex 73.2259 102.122 10.4
    endloop
  endfacet
  facet normal -0 0 1
    outer loop
      vertex 71.9284 99.3565 10.4
      vertex 73.8231 99.1196 10.4
      vertex 72 99.9 10.4
    endloop
  endfacet
  facet normal 0 0 1
    outer loop
      vertex 71.3849 101.385 10.4
      vertex 73.2259 102.122 10.4
      vertex 72.7284 102.728 10.4
    endloop
  endfacet
  facet normal 0 0 1
    outer loop
      vertex 73.8231 99.1196 10.4
      vertex 71.9284 99.3565 10.4
      vertex 73.5955 98.3693 10.4
    endloop
  endfacet
  facet normal 0 0 1
    outer loop
      vertex 71.3849 101.385 10.4
      vertex 72.7284 102.728 10.4
      vertex 72.1223 103.226 10.4
    endloop
  endfacet
  facet normal -0 0 1
    outer loop
      vertex 71.7187 98.85 10.4
      vertex 73.5955 98.3693 10.4
      vertex 71.9284 99.3565 10.4
    endloop
  endfacet
  facet normal 0 0 1
    outer loop
      vertex 73.5955 98.3693 10.4
      vertex 71.7187 98.85 10.4
      vertex 73.2259 97.6777 10.4
    endloop
  endfacet
  facet normal 0 0 1
    outer loop
      vertex 73.8231 100.68 10.4
      vertex 71.9284 100.444 10.4
      vertex 72 99.9 10.4
    endloop
  endfacet
  facet normal 0 0 1
    outer loop
      vertex 73.5955 101.431 10.4
      vertex 71.7187 100.95 10.4
      vertex 71.9284 100.444 10.4
    endloop
  endfacet
  facet normal 0 0 1
    outer loop
      vertex 70.95 101.719 10.4
      vertex 72.1223 103.226 10.4
      vertex 71.4307 103.596 10.4
    endloop
  endfacet
  facet normal 0 0 1
    outer loop
      vertex 73.2259 102.122 10.4
      vertex 71.3849 101.385 10.4
      vertex 71.7187 100.95 10.4
    endloop
  endfacet
  facet normal 0 0 1
    outer loop
      vertex 72.1223 103.226 10.4
      vertex 70.95 101.719 10.4
      vertex 71.3849 101.385 10.4
    endloop
  endfacet
  facet normal 0 0 1
    outer loop
      vertex 70.4435 101.928 10.4
      vertex 71.4307 103.596 10.4
      vertex 70.6804 103.823 10.4
    endloop
  endfacet
  facet normal 0 0 1
    outer loop
      vertex 71.4307 103.596 10.4
      vertex 70.4435 101.928 10.4
      vertex 70.95 101.719 10.4
    endloop
  endfacet
  facet normal 0 0 1
    outer loop
      vertex 69.9 102 10.4
      vertex 70.6804 103.823 10.4
      vertex 69.9 103.9 10.4
    endloop
  endfacet
  facet normal 0 0 1
    outer loop
      vertex 70.6804 103.823 10.4
      vertex 69.9 102 10.4
      vertex 70.4435 101.928 10.4
    endloop
  endfacet
  facet normal -0 0 1
    outer loop
      vertex 69.1196 103.823 10.4
      vertex 69.9 102 10.4
      vertex 69.9 103.9 10.4
    endloop
  endfacet
  facet normal 0 0 1
    outer loop
      vertex 69.9 102 10.4
      vertex 69.1196 103.823 10.4
      vertex 69.3565 101.928 10.4
    endloop
  endfacet
  facet normal -0 0 1
    outer loop
      vertex 68.3693 103.596 10.4
      vertex 69.3565 101.928 10.4
      vertex 69.1196 103.823 10.4
    endloop
  endfacet
  facet normal 0 0 1
    outer loop
      vertex 69.3565 101.928 10.4
      vertex 68.3693 103.596 10.4
      vertex 68.85 101.719 10.4
    endloop
  endfacet
  facet normal -0 0 1
    outer loop
      vertex 67.6777 103.226 10.4
      vertex 68.85 101.719 10.4
      vertex 68.3693 103.596 10.4
    endloop
  endfacet
  facet normal 0 0 1
    outer loop
      vertex 68.85 101.719 10.4
      vertex 67.6777 103.226 10.4
      vertex 68.4151 101.385 10.4
    endloop
  endfacet
  facet normal -0 0 1
    outer loop
      vertex 67.0716 102.728 10.4
      vertex 68.4151 101.385 10.4
      vertex 67.6777 103.226 10.4
    endloop
  endfacet
  facet normal 0 0 1
    outer loop
      vertex 68.4151 101.385 10.4
      vertex 66.5741 102.122 10.4
      vertex 68.0813 100.95 10.4
    endloop
  endfacet
  facet normal -0 0 1
    outer loop
      vertex 66.5741 102.122 10.4
      vertex 68.4151 101.385 10.4
      vertex 67.0716 102.728 10.4
    endloop
  endfacet
  facet normal -0 0 1
    outer loop
      vertex 71.3849 98.4151 10.4
      vertex 73.2259 97.6777 10.4
      vertex 71.7187 98.85 10.4
    endloop
  endfacet
  facet normal 0 0 1
    outer loop
      vertex 73.2259 97.6777 10.4
      vertex 71.3849 98.4151 10.4
      vertex 72.7284 97.0716 10.4
    endloop
  endfacet
  facet normal 0 0 1
    outer loop
      vertex 72.7284 97.0716 10.4
      vertex 71.3849 98.4151 10.4
      vertex 72.1223 96.5741 10.4
    endloop
  endfacet
  facet normal -0 0 1
    outer loop
      vertex 70.95 98.0813 10.4
      vertex 72.1223 96.5741 10.4
      vertex 71.3849 98.4151 10.4
    endloop
  endfacet
  facet normal 0 0 1
    outer loop
      vertex 72.1223 96.5741 10.4
      vertex 70.95 98.0813 10.4
      vertex 71.4307 96.2045 10.4
    endloop
  endfacet
  facet normal -0 0 1
    outer loop
      vertex 70.4435 97.8716 10.4
      vertex 71.4307 96.2045 10.4
      vertex 70.95 98.0813 10.4
    endloop
  endfacet
  facet normal 0 0 1
    outer loop
      vertex 71.4307 96.2045 10.4
      vertex 70.4435 97.8716 10.4
      vertex 70.6804 95.9769 10.4
    endloop
  endfacet
  facet normal -0 0 1
    outer loop
      vertex 69.9 97.8 10.4
      vertex 70.6804 95.9769 10.4
      vertex 70.4435 97.8716 10.4
    endloop
  endfacet
  facet normal 0 0 1
    outer loop
      vertex 69.9 97.8 10.4
      vertex 69.9 95.9 10.4
      vertex 70.6804 95.9769 10.4
    endloop
  endfacet
  facet normal 0 0 1
    outer loop
      vertex 69.1196 95.9769 10.4
      vertex 69.9 97.8 10.4
      vertex 69.3565 97.8716 10.4
    endloop
  endfacet
  facet normal 0 0 1
    outer loop
      vertex 69.9 97.8 10.4
      vertex 69.1196 95.9769 10.4
      vertex 69.9 95.9 10.4
    endloop
  endfacet
  facet normal 0 0 1
    outer loop
      vertex 68.3693 96.2045 10.4
      vertex 69.3565 97.8716 10.4
      vertex 68.85 98.0813 10.4
    endloop
  endfacet
  facet normal 0 0 1
    outer loop
      vertex 67.6777 96.5741 10.4
      vertex 68.85 98.0813 10.4
      vertex 68.4151 98.4151 10.4
    endloop
  endfacet
  facet normal 0 0 1
    outer loop
      vertex 69.3565 97.8716 10.4
      vertex 68.3693 96.2045 10.4
      vertex 69.1196 95.9769 10.4
    endloop
  endfacet
  facet normal 0 0 1
    outer loop
      vertex 66.5741 97.6777 10.4
      vertex 68.4151 98.4151 10.4
      vertex 68.0813 98.85 10.4
    endloop
  endfacet
  facet normal 0 0 1
    outer loop
      vertex 66.2045 98.3693 10.4
      vertex 68.0813 98.85 10.4
      vertex 67.8716 99.3565 10.4
    endloop
  endfacet
  facet normal 0 0 1
    outer loop
      vertex 68.85 98.0813 10.4
      vertex 67.6777 96.5741 10.4
      vertex 68.3693 96.2045 10.4
    endloop
  endfacet
  facet normal 0 0 1
    outer loop
      vertex 65.9769 99.1196 10.4
      vertex 67.8716 99.3565 10.4
      vertex 67.8 99.9 10.4
    endloop
  endfacet
  facet normal -0 0 1
    outer loop
      vertex 66.2045 101.431 10.4
      vertex 68.0813 100.95 10.4
      vertex 66.5741 102.122 10.4
    endloop
  endfacet
  facet normal 0 0 1
    outer loop
      vertex 68.0813 100.95 10.4
      vertex 66.2045 101.431 10.4
      vertex 67.8716 100.444 10.4
    endloop
  endfacet
  facet normal 0 0 1
    outer loop
      vertex 68.4151 98.4151 10.4
      vertex 67.0716 97.0716 10.4
      vertex 67.6777 96.5741 10.4
    endloop
  endfacet
  facet normal -0 0 1
    outer loop
      vertex 65.9769 100.68 10.4
      vertex 67.8716 100.444 10.4
      vertex 66.2045 101.431 10.4
    endloop
  endfacet
  facet normal 0 0 1
    outer loop
      vertex 68.4151 98.4151 10.4
      vertex 66.5741 97.6777 10.4
      vertex 67.0716 97.0716 10.4
    endloop
  endfacet
  facet normal 0 0 1
    outer loop
      vertex 67.8716 100.444 10.4
      vertex 65.9769 100.68 10.4
      vertex 67.8 99.9 10.4
    endloop
  endfacet
  facet normal 0 0 1
    outer loop
      vertex 68.0813 98.85 10.4
      vertex 66.2045 98.3693 10.4
      vertex 66.5741 97.6777 10.4
    endloop
  endfacet
  facet normal 0 0 1
    outer loop
      vertex 65.9 99.9 10.4
      vertex 67.8 99.9 10.4
      vertex 65.9769 100.68 10.4
    endloop
  endfacet
  facet normal 0 0 1
    outer loop
      vertex 67.8716 99.3565 10.4
      vertex 65.9769 99.1196 10.4
      vertex 66.2045 98.3693 10.4
    endloop
  endfacet
  facet normal 0 0 1
    outer loop
      vertex 67.8 99.9 10.4
      vertex 65.9 99.9 10.4
      vertex 65.9769 99.1196 10.4
    endloop
  endfacet
  facet normal -0.290283 -0.956941 0
    outer loop
      vertex 68.3693 96.2045 2.4
      vertex 69.1196 95.9769 10.4
      vertex 68.3693 96.2045 10.4
    endloop
  endfacet
  facet normal -0.290283 -0.956941 -0
    outer loop
      vertex 69.1196 95.9769 10.4
      vertex 68.3693 96.2045 2.4
      vertex 69.1196 95.9769 2.4
    endloop
  endfacet
  facet normal 0.956941 -0.290283 0
    outer loop
      vertex 73.5955 98.3693 10.4
      vertex 73.8231 99.1196 2.4
      vertex 73.8231 99.1196 10.4
    endloop
  endfacet
  facet normal 0.956941 -0.290283 0
    outer loop
      vertex 73.8231 99.1196 2.4
      vertex 73.5955 98.3693 10.4
      vertex 73.5955 98.3693 2.4
    endloop
  endfacet
  facet normal 0.772905 0.634522 0
    outer loop
      vertex 73.2259 102.122 10.4
      vertex 72.7284 102.728 2.4
      vertex 72.7284 102.728 10.4
    endloop
  endfacet
  facet normal 0.772905 0.634522 0
    outer loop
      vertex 72.7284 102.728 2.4
      vertex 73.2259 102.122 10.4
      vertex 73.2259 102.122 2.4
    endloop
  endfacet
  facet normal -0.995175 0.0981141 0
    outer loop
      vertex 65.9 99.9 2.4
      vertex 65.9769 100.68 10.4
      vertex 65.9769 100.68 2.4
    endloop
  endfacet
  facet normal -0.995175 0.0981141 0
    outer loop
      vertex 65.9769 100.68 10.4
      vertex 65.9 99.9 2.4
      vertex 65.9 99.9 10.4
    endloop
  endfacet
  facet normal 0.634459 -0.772956 0
    outer loop
      vertex 72.1223 96.5741 2.4
      vertex 72.7284 97.0716 10.4
      vertex 72.1223 96.5741 10.4
    endloop
  endfacet
  facet normal 0.634459 -0.772956 0
    outer loop
      vertex 72.7284 97.0716 10.4
      vertex 72.1223 96.5741 2.4
      vertex 72.7284 97.0716 2.4
    endloop
  endfacet
  facet normal -0.471726 0.881745 0
    outer loop
      vertex 68.3693 103.596 2.4
      vertex 67.6777 103.226 10.4
      vertex 68.3693 103.596 10.4
    endloop
  endfacet
  facet normal -0.471726 0.881745 0
    outer loop
      vertex 67.6777 103.226 10.4
      vertex 68.3693 103.596 2.4
      vertex 67.6777 103.226 2.4
    endloop
  endfacet
  facet normal -0.634459 -0.772956 0
    outer loop
      vertex 67.0716 97.0716 2.4
      vertex 67.6777 96.5741 10.4
      vertex 67.0716 97.0716 10.4
    endloop
  endfacet
  facet normal -0.634459 -0.772956 -0
    outer loop
      vertex 67.6777 96.5741 10.4
      vertex 67.0716 97.0716 2.4
      vertex 67.6777 96.5741 2.4
    endloop
  endfacet
  facet normal -0.0981906 0.995168 0
    outer loop
      vertex 69.9 103.9 2.4
      vertex 69.1196 103.823 10.4
      vertex 69.9 103.9 10.4
    endloop
  endfacet
  facet normal -0.0981906 0.995168 0
    outer loop
      vertex 69.1196 103.823 10.4
      vertex 69.9 103.9 2.4
      vertex 69.1196 103.823 2.4
    endloop
  endfacet
  facet normal 0.881957 -0.471329 0
    outer loop
      vertex 73.2259 97.6777 10.4
      vertex 73.5955 98.3693 2.4
      vertex 73.5955 98.3693 10.4
    endloop
  endfacet
  facet normal 0.881957 -0.471329 0
    outer loop
      vertex 73.5955 98.3693 2.4
      vertex 73.2259 97.6777 10.4
      vertex 73.2259 97.6777 2.4
    endloop
  endfacet
  facet normal -0.956941 -0.290283 0
    outer loop
      vertex 66.2045 98.3693 2.4
      vertex 65.9769 99.1196 10.4
      vertex 65.9769 99.1196 2.4
    endloop
  endfacet
  facet normal -0.956941 -0.290283 0
    outer loop
      vertex 65.9769 99.1196 10.4
      vertex 66.2045 98.3693 2.4
      vertex 66.2045 98.3693 10.4
    endloop
  endfacet
  facet normal -0.99518 -0.0980643 0
    outer loop
      vertex 65.9769 99.1196 2.4
      vertex 65.9 99.9 10.4
      vertex 65.9 99.9 2.4
    endloop
  endfacet
  facet normal -0.99518 -0.0980643 0
    outer loop
      vertex 65.9 99.9 10.4
      vertex 65.9769 99.1196 2.4
      vertex 65.9769 99.1196 10.4
    endloop
  endfacet
  facet normal -0.772956 -0.634459 0
    outer loop
      vertex 67.0716 97.0716 2.4
      vertex 66.5741 97.6777 10.4
      vertex 66.5741 97.6777 2.4
    endloop
  endfacet
  facet normal -0.772956 -0.634459 0
    outer loop
      vertex 66.5741 97.6777 10.4
      vertex 67.0716 97.0716 2.4
      vertex 67.0716 97.0716 10.4
    endloop
  endfacet
  facet normal -0.772905 0.634522 0
    outer loop
      vertex 66.5741 102.122 2.4
      vertex 67.0716 102.728 10.4
      vertex 67.0716 102.728 2.4
    endloop
  endfacet
  facet normal -0.772905 0.634522 0
    outer loop
      vertex 67.0716 102.728 10.4
      vertex 66.5741 102.122 2.4
      vertex 66.5741 102.122 10.4
    endloop
  endfacet
  facet normal -0.957016 0.290036 0
    outer loop
      vertex 65.9769 100.68 2.4
      vertex 66.2045 101.431 10.4
      vertex 66.2045 101.431 2.4
    endloop
  endfacet
  facet normal -0.957016 0.290036 0
    outer loop
      vertex 66.2045 101.431 10.4
      vertex 65.9769 100.68 2.4
      vertex 65.9769 100.68 10.4
    endloop
  endfacet
  facet normal -0.471329 -0.881957 0
    outer loop
      vertex 67.6777 96.5741 2.4
      vertex 68.3693 96.2045 10.4
      vertex 67.6777 96.5741 10.4
    endloop
  endfacet
  facet normal -0.471329 -0.881957 -0
    outer loop
      vertex 68.3693 96.2045 10.4
      vertex 67.6777 96.5741 2.4
      vertex 68.3693 96.2045 2.4
    endloop
  endfacet
  facet normal -0.92381 -0.382852 0
    outer loop
      vertex 71.9284 100.444 4.4
      vertex 71.7187 100.95 10.4
      vertex 71.7187 100.95 4.4
    endloop
  endfacet
  facet normal -0.92381 -0.382852 0
    outer loop
      vertex 71.7187 100.95 10.4
      vertex 71.9284 100.444 4.4
      vertex 71.9284 100.444 10.4
    endloop
  endfacet
  facet normal -0.991449 -0.130492 0
    outer loop
      vertex 72 99.9 4.4
      vertex 71.9284 100.444 10.4
      vertex 71.9284 100.444 4.4
    endloop
  endfacet
  facet normal -0.991449 -0.130492 0
    outer loop
      vertex 71.9284 100.444 10.4
      vertex 72 99.9 4.4
      vertex 72 99.9 10.4
    endloop
  endfacet
  facet normal 0.609094 -0.793098 0
    outer loop
      vertex 68.4151 101.385 4.4
      vertex 68.85 101.719 10.4
      vertex 68.4151 101.385 10.4
    endloop
  endfacet
  facet normal 0.609094 -0.793098 0
    outer loop
      vertex 68.85 101.719 10.4
      vertex 68.4151 101.385 4.4
      vertex 68.85 101.719 4.4
    endloop
  endfacet
  facet normal 0.381438 -0.924394 0
    outer loop
      vertex 68.85 101.719 4.4
      vertex 69.3565 101.928 10.4
      vertex 68.85 101.719 10.4
    endloop
  endfacet
  facet normal 0.381438 -0.924394 0
    outer loop
      vertex 69.3565 101.928 10.4
      vertex 68.85 101.719 4.4
      vertex 69.3565 101.928 4.4
    endloop
  endfacet
  facet normal -0.608864 0.793274 0
    outer loop
      vertex 71.3849 98.4151 4.4
      vertex 70.95 98.0813 10.4
      vertex 71.3849 98.4151 10.4
    endloop
  endfacet
  facet normal -0.608864 0.793274 0
    outer loop
      vertex 70.95 98.0813 10.4
      vertex 71.3849 98.4151 4.4
      vertex 70.95 98.0813 4.4
    endloop
  endfacet
  facet normal -0.609094 -0.793098 0
    outer loop
      vertex 70.95 101.719 4.4
      vertex 71.3849 101.385 10.4
      vertex 70.95 101.719 10.4
    endloop
  endfacet
  facet normal -0.609094 -0.793098 -0
    outer loop
      vertex 71.3849 101.385 10.4
      vertex 70.95 101.719 4.4
      vertex 71.3849 101.385 4.4
    endloop
  endfacet
  facet normal 0.991449 -0.130492 0
    outer loop
      vertex 67.8 99.9 10.4
      vertex 67.8716 100.444 4.4
      vertex 67.8716 100.444 10.4
    endloop
  endfacet
  facet normal 0.991449 -0.130492 0
    outer loop
      vertex 67.8716 100.444 4.4
      vertex 67.8 99.9 10.4
      vertex 67.8 99.9 4.4
    endloop
  endfacet
  facet normal 0.13061 0.991434 -0
    outer loop
      vertex 69.9 97.8 4.4
      vertex 69.3565 97.8716 10.4
      vertex 69.9 97.8 10.4
    endloop
  endfacet
  facet normal 0.13061 0.991434 0
    outer loop
      vertex 69.3565 97.8716 10.4
      vertex 69.9 97.8 4.4
      vertex 69.3565 97.8716 4.4
    endloop
  endfacet
  facet normal -0.131327 -0.991339 0
    outer loop
      vertex 69.9 102 4.4
      vertex 70.4435 101.928 10.4
      vertex 69.9 102 10.4
    endloop
  endfacet
  facet normal -0.131327 -0.991339 -0
    outer loop
      vertex 70.4435 101.928 10.4
      vertex 69.9 102 4.4
      vertex 70.4435 101.928 4.4
    endloop
  endfacet
  facet normal -0.381438 -0.924394 0
    outer loop
      vertex 70.4435 101.928 4.4
      vertex 70.95 101.719 10.4
      vertex 70.4435 101.928 10.4
    endloop
  endfacet
  facet normal -0.381438 -0.924394 -0
    outer loop
      vertex 70.95 101.719 10.4
      vertex 70.4435 101.928 4.4
      vertex 70.95 101.719 4.4
    endloop
  endfacet
  facet normal 0.608864 0.793274 -0
    outer loop
      vertex 68.85 98.0813 4.4
      vertex 68.4151 98.4151 10.4
      vertex 68.85 98.0813 10.4
    endloop
  endfacet
  facet normal 0.608864 0.793274 0
    outer loop
      vertex 68.4151 98.4151 10.4
      vertex 68.85 98.0813 4.4
      vertex 68.4151 98.4151 4.4
    endloop
  endfacet
  facet normal -0.793274 0.608864 0
    outer loop
      vertex 71.3849 98.4151 4.4
      vertex 71.7187 98.85 10.4
      vertex 71.7187 98.85 4.4
    endloop
  endfacet
  facet normal -0.793274 0.608864 0
    outer loop
      vertex 71.7187 98.85 10.4
      vertex 71.3849 98.4151 4.4
      vertex 71.3849 98.4151 10.4
    endloop
  endfacet
  facet normal -0.382529 0.923943 0
    outer loop
      vertex 70.95 98.0813 4.4
      vertex 70.4435 97.8716 10.4
      vertex 70.95 98.0813 10.4
    endloop
  endfacet
  facet normal -0.382529 0.923943 0
    outer loop
      vertex 70.4435 97.8716 10.4
      vertex 70.95 98.0813 4.4
      vertex 70.4435 97.8716 4.4
    endloop
  endfacet
  facet normal 0.793342 -0.608776 0
    outer loop
      vertex 68.0813 100.95 10.4
      vertex 68.4151 101.385 4.4
      vertex 68.4151 101.385 10.4
    endloop
  endfacet
  facet normal 0.793342 -0.608776 0
    outer loop
      vertex 68.4151 101.385 4.4
      vertex 68.0813 100.95 10.4
      vertex 68.0813 100.95 4.4
    endloop
  endfacet
  facet normal 0.793274 0.608864 0
    outer loop
      vertex 68.4151 98.4151 10.4
      vertex 68.0813 98.85 4.4
      vertex 68.0813 98.85 10.4
    endloop
  endfacet
  facet normal 0.793274 0.608864 0
    outer loop
      vertex 68.0813 98.85 4.4
      vertex 68.4151 98.4151 10.4
      vertex 68.4151 98.4151 4.4
    endloop
  endfacet
  facet normal -0.991434 0.13061 0
    outer loop
      vertex 71.9284 99.3565 4.4
      vertex 72 99.9 10.4
      vertex 72 99.9 4.4
    endloop
  endfacet
  facet normal -0.991434 0.13061 0
    outer loop
      vertex 72 99.9 10.4
      vertex 71.9284 99.3565 4.4
      vertex 71.9284 99.3565 10.4
    endloop
  endfacet
  facet normal 0.131327 -0.991339 0
    outer loop
      vertex 69.3565 101.928 4.4
      vertex 69.9 102 10.4
      vertex 69.3565 101.928 10.4
    endloop
  endfacet
  facet normal 0.131327 -0.991339 0
    outer loop
      vertex 69.9 102 10.4
      vertex 69.3565 101.928 4.4
      vertex 69.9 102 4.4
    endloop
  endfacet
  facet normal 0.923943 0.382529 0
    outer loop
      vertex 68.0813 98.85 10.4
      vertex 67.8716 99.3565 4.4
      vertex 67.8716 99.3565 10.4
    endloop
  endfacet
  facet normal 0.923943 0.382529 0
    outer loop
      vertex 67.8716 99.3565 4.4
      vertex 68.0813 98.85 10.4
      vertex 68.0813 98.85 4.4
    endloop
  endfacet
  facet normal 0.991434 0.13061 0
    outer loop
      vertex 67.8716 99.3565 10.4
      vertex 67.8 99.9 4.4
      vertex 67.8 99.9 10.4
    endloop
  endfacet
  facet normal 0.991434 0.13061 0
    outer loop
      vertex 67.8 99.9 4.4
      vertex 67.8716 99.3565 10.4
      vertex 67.8716 99.3565 4.4
    endloop
  endfacet
  facet normal -0.923943 0.382529 0
    outer loop
      vertex 71.7187 98.85 4.4
      vertex 71.9284 99.3565 10.4
      vertex 71.9284 99.3565 4.4
    endloop
  endfacet
  facet normal -0.923943 0.382529 0
    outer loop
      vertex 71.9284 99.3565 10.4
      vertex 71.7187 98.85 4.4
      vertex 71.7187 98.85 10.4
    endloop
  endfacet
  facet normal 0.382529 0.923943 -0
    outer loop
      vertex 69.3565 97.8716 4.4
      vertex 68.85 98.0813 10.4
      vertex 69.3565 97.8716 10.4
    endloop
  endfacet
  facet normal 0.382529 0.923943 0
    outer loop
      vertex 68.85 98.0813 10.4
      vertex 69.3565 97.8716 4.4
      vertex 68.85 98.0813 4.4
    endloop
  endfacet
  facet normal -0.13061 0.991434 0
    outer loop
      vertex 70.4435 97.8716 4.4
      vertex 69.9 97.8 10.4
      vertex 70.4435 97.8716 10.4
    endloop
  endfacet
  facet normal -0.13061 0.991434 0
    outer loop
      vertex 69.9 97.8 10.4
      vertex 70.4435 97.8716 4.4
      vertex 69.9 97.8 4.4
    endloop
  endfacet
  facet normal -0.793342 -0.608776 0
    outer loop
      vertex 71.7187 100.95 4.4
      vertex 71.3849 101.385 10.4
      vertex 71.3849 101.385 4.4
    endloop
  endfacet
  facet normal -0.793342 -0.608776 0
    outer loop
      vertex 71.3849 101.385 10.4
      vertex 71.7187 100.95 4.4
      vertex 71.7187 100.95 10.4
    endloop
  endfacet
  facet normal 0 0 1
    outer loop
      vertex 71.9284 100.444 4.4
      vertex 71.9284 99.3565 4.4
      vertex 72 99.9 4.4
    endloop
  endfacet
  facet normal 0 0 1
    outer loop
      vertex 71.7187 100.95 4.4
      vertex 71.9284 99.3565 4.4
      vertex 71.9284 100.444 4.4
    endloop
  endfacet
  facet normal 0 0 1
    outer loop
      vertex 71.7187 100.95 4.4
      vertex 71.7187 98.85 4.4
      vertex 71.9284 99.3565 4.4
    endloop
  endfacet
  facet normal 0 0 1
    outer loop
      vertex 71.3849 101.385 4.4
      vertex 71.7187 98.85 4.4
      vertex 71.7187 100.95 4.4
    endloop
  endfacet
  facet normal 0 0 1
    outer loop
      vertex 71.3849 101.385 4.4
      vertex 71.3849 98.4151 4.4
      vertex 71.7187 98.85 4.4
    endloop
  endfacet
  facet normal 0 0 1
    outer loop
      vertex 70.95 101.719 4.4
      vertex 71.3849 98.4151 4.4
      vertex 71.3849 101.385 4.4
    endloop
  endfacet
  facet normal 0 0 1
    outer loop
      vertex 70.95 101.719 4.4
      vertex 70.95 98.0813 4.4
      vertex 71.3849 98.4151 4.4
    endloop
  endfacet
  facet normal 0 0 1
    outer loop
      vertex 70.4435 101.928 4.4
      vertex 70.95 98.0813 4.4
      vertex 70.95 101.719 4.4
    endloop
  endfacet
  facet normal 0 0 1
    outer loop
      vertex 70.4435 101.928 4.4
      vertex 70.4435 97.8716 4.4
      vertex 70.95 98.0813 4.4
    endloop
  endfacet
  facet normal 0 0 1
    outer loop
      vertex 69.9 102 4.4
      vertex 70.4435 97.8716 4.4
      vertex 70.4435 101.928 4.4
    endloop
  endfacet
  facet normal 0 0 1
    outer loop
      vertex 69.9 102 4.4
      vertex 69.9 97.8 4.4
      vertex 70.4435 97.8716 4.4
    endloop
  endfacet
  facet normal -0 0 1
    outer loop
      vertex 69.3565 101.928 4.4
      vertex 69.9 97.8 4.4
      vertex 69.9 102 4.4
    endloop
  endfacet
  facet normal 0 0 1
    outer loop
      vertex 69.3565 101.928 4.4
      vertex 69.3565 97.8716 4.4
      vertex 69.9 97.8 4.4
    endloop
  endfacet
  facet normal -0 0 1
    outer loop
      vertex 68.85 101.719 4.4
      vertex 69.3565 97.8716 4.4
      vertex 69.3565 101.928 4.4
    endloop
  endfacet
  facet normal 0 0 1
    outer loop
      vertex 68.85 101.719 4.4
      vertex 68.85 98.0813 4.4
      vertex 69.3565 97.8716 4.4
    endloop
  endfacet
  facet normal -0 0 1
    outer loop
      vertex 68.4151 101.385 4.4
      vertex 68.85 98.0813 4.4
      vertex 68.85 101.719 4.4
    endloop
  endfacet
  facet normal 0 0 1
    outer loop
      vertex 68.4151 101.385 4.4
      vertex 68.4151 98.4151 4.4
      vertex 68.85 98.0813 4.4
    endloop
  endfacet
  facet normal -0 0 1
    outer loop
      vertex 68.0813 100.95 4.4
      vertex 68.4151 98.4151 4.4
      vertex 68.4151 101.385 4.4
    endloop
  endfacet
  facet normal 0 0 1
    outer loop
      vertex 68.0813 100.95 4.4
      vertex 68.0813 98.85 4.4
      vertex 68.4151 98.4151 4.4
    endloop
  endfacet
  facet normal -0 0 1
    outer loop
      vertex 67.8716 100.444 4.4
      vertex 68.0813 98.85 4.4
      vertex 68.0813 100.95 4.4
    endloop
  endfacet
  facet normal 0 0 1
    outer loop
      vertex 67.8716 100.444 4.4
      vertex 67.8716 99.3565 4.4
      vertex 68.0813 98.85 4.4
    endloop
  endfacet
  facet normal 0 -0 1
    outer loop
      vertex 67.8716 99.3565 4.4
      vertex 67.8716 100.444 4.4
      vertex 67.8 99.9 4.4
    endloop
  endfacet
  facet normal 0.92381 -0.382852 0
    outer loop
      vertex 67.8716 100.444 10.4
      vertex 68.0813 100.95 4.4
      vertex 68.0813 100.95 10.4
    endloop
  endfacet
  facet normal 0.92381 -0.382852 0
    outer loop
      vertex 68.0813 100.95 4.4
      vertex 67.8716 100.444 10.4
      vertex 67.8716 100.444 4.4
    endloop
  endfacet
  facet normal 1 -0 0
    outer loop
      vertex 165.6 0 5
      vertex 165.6 104.3 3.41
      vertex 165.6 104.3 5
    endloop
  endfacet
  facet normal 1 0 0
    outer loop
      vertex 165.6 104.3 3.41
      vertex 165.6 0 5
      vertex 165.6 0 3.41
    endloop
  endfacet
  facet normal -0 0 1
    outer loop
      vertex 87.8 104.3 5
      vertex 165.6 0 5
      vertex 165.6 104.3 5
    endloop
  endfacet
  facet normal 0 0 1
    outer loop
      vertex 165.6 0 5
      vertex 87.8 104.3 5
      vertex 87.8 0 5
    endloop
  endfacet
  facet normal 0 0 -1
    outer loop
      vertex 89.6105 0 0
      vertex 163.789 104.3 0
      vertex 163.789 0 0
    endloop
  endfacet
  facet normal -0 0 -1
    outer loop
      vertex 163.789 104.3 0
      vertex 89.6105 0 0
      vertex 89.6105 104.3 0
    endloop
  endfacet
  facet normal -1 0 0
    outer loop
      vertex 87.8 0 3.41
      vertex 87.8 104.3 5
      vertex 87.8 104.3 3.41
    endloop
  endfacet
  facet normal -1 -0 0
    outer loop
      vertex 87.8 104.3 5
      vertex 87.8 0 3.41
      vertex 87.8 0 5
    endloop
  endfacet
  facet normal 0 1 -0
    outer loop
      vertex 162 104.3 3.4
      vertex 91.4 104.3 3.41
      vertex 162 104.3 3.41
    endloop
  endfacet
  facet normal 0 1 0
    outer loop
      vertex 162 104.3 3.4
      vertex 91.4 104.3 3.4
      vertex 91.4 104.3 3.41
    endloop
  endfacet
  facet normal 0 1 0
    outer loop
      vertex 163.789 104.3 0
      vertex 91.4 104.3 3.4
      vertex 162 104.3 3.4
    endloop
  endfacet
  facet normal 0 1 0
    outer loop
      vertex 91.4 104.3 3.4
      vertex 163.789 104.3 0
      vertex 89.6105 104.3 0
    endloop
  endfacet
  facet normal 0 1 0
    outer loop
      vertex 162 104.3 3.41
      vertex 165.6 104.3 5
      vertex 165.6 104.3 3.41
    endloop
  endfacet
  facet normal 0 1 0
    outer loop
      vertex 165.6 104.3 5
      vertex 162 104.3 3.41
      vertex 87.8 104.3 5
    endloop
  endfacet
  facet normal 0 1 -0
    outer loop
      vertex 91.4 104.3 3.41
      vertex 87.8 104.3 5
      vertex 162 104.3 3.41
    endloop
  endfacet
  facet normal 0 1 0
    outer loop
      vertex 87.8 104.3 5
      vertex 91.4 104.3 3.41
      vertex 87.8 104.3 3.41
    endloop
  endfacet
  facet normal 0 -1 0
    outer loop
      vertex 91.4 0 3.4
      vertex 162 0 3.41
      vertex 91.4 0 3.41
    endloop
  endfacet
  facet normal 0 -1 0
    outer loop
      vertex 91.4 0 3.4
      vertex 162 0 3.4
      vertex 162 0 3.41
    endloop
  endfacet
  facet normal 0 -1 0
    outer loop
      vertex 89.6105 0 0
      vertex 162 0 3.4
      vertex 91.4 0 3.4
    endloop
  endfacet
  facet normal 0 -1 -0
    outer loop
      vertex 162 0 3.4
      vertex 89.6105 0 0
      vertex 163.789 0 0
    endloop
  endfacet
  facet normal 0 -1 0
    outer loop
      vertex 91.4 0 3.41
      vertex 87.8 0 5
      vertex 87.8 0 3.41
    endloop
  endfacet
  facet normal 0 -1 0
    outer loop
      vertex 87.8 0 5
      vertex 91.4 0 3.41
      vertex 165.6 0 5
    endloop
  endfacet
  facet normal 0 -1 0
    outer loop
      vertex 162 0 3.41
      vertex 165.6 0 5
      vertex 91.4 0 3.41
    endloop
  endfacet
  facet normal 0 -1 -0
    outer loop
      vertex 165.6 0 5
      vertex 162 0 3.41
      vertex 165.6 0 3.41
    endloop
  endfacet
  facet normal -1 0 0
    outer loop
      vertex 91.4 0 3.4
      vertex 91.4 104.3 3.41
      vertex 91.4 104.3 3.4
    endloop
  endfacet
  facet normal -1 -0 0
    outer loop
      vertex 91.4 104.3 3.41
      vertex 91.4 0 3.4
      vertex 91.4 0 3.41
    endloop
  endfacet
  facet normal 0 0 -1
    outer loop
      vertex 87.8 0 3.41
      vertex 91.4 104.3 3.41
      vertex 91.4 0 3.41
    endloop
  endfacet
  facet normal -0 0 -1
    outer loop
      vertex 91.4 104.3 3.41
      vertex 87.8 0 3.41
      vertex 87.8 104.3 3.41
    endloop
  endfacet
  facet normal -0.884915 0 0.465752
    outer loop
      vertex 89.6105 0 0
      vertex 91.4 104.3 3.4
      vertex 89.6105 104.3 0
    endloop
  endfacet
  facet normal -0.884915 0 0.465752
    outer loop
      vertex 91.4 104.3 3.4
      vertex 89.6105 0 0
      vertex 91.4 0 3.4
    endloop
  endfacet
  facet normal 0.884969 -0 0.46565
    outer loop
      vertex 162 0 3.4
      vertex 163.789 104.3 0
      vertex 162 104.3 3.4
    endloop
  endfacet
  facet normal 0.884969 0 0.46565
    outer loop
      vertex 163.789 104.3 0
      vertex 162 0 3.4
      vertex 163.789 0 0
    endloop
  endfacet
  facet normal 0 0 -1
    outer loop
      vertex 162 0 3.41
      vertex 165.6 104.3 3.41
      vertex 165.6 0 3.41
    endloop
  endfacet
  facet normal -0 0 -1
    outer loop
      vertex 165.6 104.3 3.41
      vertex 162 0 3.41
      vertex 162 104.3 3.41
    endloop
  endfacet
  facet normal 1 -0 0
    outer loop
      vertex 162 0 3.41
      vertex 162 104.3 3.4
      vertex 162 104.3 3.41
    endloop
  endfacet
  facet normal 1 0 0
    outer loop
      vertex 162 104.3 3.4
      vertex 162 0 3.41
      vertex 162 0 3.4
    endloop
  endfacet
endsolid OpenSCAD_Model
